2026/09/13 19:55:09.798, 56, 1980, 13.23, 0
2026/09/13 19:55:10.000, 56, 1980, 13.23, 0
2026/09/13 19:55:10.203, 57, 1980, 1.20, 0
2026/09/13 19:55:10.905, 57, 1980, 16.51, 0
2026/09/13 19:55:11.107, 57, 1980, 1.20, 0
2026/09/13 19:55:11.812, 57, 1980, 16.60, 0
2026/09/13 19:55:12.016, 57, 1980, 1.20, 0
2026/09/13 19:55:12.763, 57, 1980, 13.78, 0
2026/09/13 19:55:12.966, 57, 1980, 13.78, 0
2026/09/13 19:55:13.169, 57, 1980, 1.20, 0
2026/09/13 19:55:13.892, 58, 1980, 16.58, 0
2026/09/13 19:55:14.096, 57, 1980, 1.20, 0
2026/09/13 19:55:14.986, 58, 1980, 16.65, 0
2026/09/13 19:55:15.190, 57, 1980, 1.20, 0
2026/09/13 19:55:16.033, 57, 1980, 14.41, 0
2026/09/13 19:55:16.236, 57, 1980, 1.20, 0
2026/09/13 19:55:17.033, 58, 1980, 16.53, 0
2026/09/13 19:55:17.239, 57, 1980, 1.20, 0
2026/09/13 19:55:17.974, 58, 1980, 16.75, 0
2026/09/13 19:55:18.177, 57, 1980, 1.20, 0
2026/09/13 19:55:19.025, 58, 1980, 16.69, 0
2026/09/13 19:55:19.229, 57, 1980, 1.20, 0
2026/09/13 19:55:20.028, 59, 1980, 16.53, 0
2026/09/13 19:55:20.244, 59, 1980, 16.53, 0
2026/09/13 19:55:20.447, 57, 1920, 590.01, 0
2026/09/13 19:55:21.103, 59, 1980, 16.66, 0
2026/09/13 19:55:21.304, 59, 1980, 16.66, 0
2026/09/13 19:55:21.507, 59, 1980, 16.10, 0
2026/09/13 19:55:21.708, 59, 1980, 16.10, 207
2026/09/13 19:55:21.911, 59, 1980, 16.10, 283
2026/09/13 19:55:22.113, 59, 1980, 16.06, 429
2026/09/13 19:55:22.317, 59, 1980, 16.06, 429
2026/09/13 19:55:22.520, 75, 2130, 37.07, 429
2026/09/13 19:55:22.722, 75, 2130, 37.07, 429
2026/09/13 19:55:22.924, 75, 2130, 37.07, 429
2026/09/13 19:55:23.125, 78, 2100, 76.44, 429
2026/09/13 19:55:23.329, 78, 2100, 76.44, 429
2026/09/13 19:55:23.531, 78, 2070, 100.70, 429
2026/09/13 19:55:23.733, 78, 2070, 100.70, 429
2026/09/13 19:55:23.936, 78, 2070, 100.70, 429
2026/09/13 19:55:24.152, 79, 2100, 99.81, 429
2026/09/13 19:55:24.356, 79, 2100, 99.81, 429
2026/09/13 19:55:24.556, 79, 2055, 99.70, 429
2026/09/13 19:55:24.758, 79, 2055, 99.70, 429
2026/09/13 19:55:24.959, 79, 2055, 99.70, 429
2026/09/13 19:55:25.162, 80, 2070, 99.92, 1011
2026/09/13 19:55:25.367, 80, 2070, 99.92, 1017
2026/09/13 19:55:25.571, 73, 2490, 25.57, 1011
2026/09/13 19:55:25.773, 73, 2490, 25.57, 1011
2026/09/13 19:55:25.974, 73, 2490, 24.96, 1175
2026/09/13 19:55:26.180, 73, 2490, 24.96, 1175
2026/09/13 19:55:26.381, 73, 2490, 24.96, 1175
2026/09/13 19:55:26.583, 81, 2250, 86.50, 1175
2026/09/13 19:55:26.788, 81, 2250, 86.50, 1175
2026/09/13 19:55:27.002, 80, 2115, 92.78, 1175
2026/09/13 19:55:27.204, 80, 2115, 92.78, 1175
2026/09/13 19:55:27.408, 80, 2115, 92.78, 1175
2026/09/13 19:55:27.609, 81, 2250, 99.11, 1175
2026/09/13 19:55:27.811, 81, 2250, 99.11, 1175
2026/09/13 19:55:28.012, 81, 2220, 99.61, 1175
2026/09/13 19:55:28.213, 81, 2220, 99.61, 1175
2026/09/13 19:55:28.416, 81, 2220, 99.61, 1175
2026/09/13 19:55:28.616, 82, 2100, 99.71, 1183
2026/09/13 19:55:28.819, 82, 2100, 99.71, 1175
2026/09/13 19:55:29.021, 82, 2250, 99.27, 1175
2026/09/13 19:55:29.223, 82, 2250, 99.27, 1175
2026/09/13 19:55:29.424, 82, 2250, 99.27, 1175
2026/09/13 19:55:29.639, 81, 2175, 100.04, 1175
2026/09/13 19:55:29.855, 81, 2175, 100.04, 1175
2026/09/13 19:55:30.057, 82, 2415, 99.67, 1175
2026/09/13 19:55:30.268, 82, 2415, 99.67, 1183
2026/09/13 19:55:30.470, 83, 2310, 105.07, 1175
2026/09/13 19:55:30.671, 83, 2310, 105.07, 1175
2026/09/13 19:55:30.875, 83, 2310, 105.07, 1175
2026/09/13 19:55:31.076, 85, 2205, 113.48, 1175
2026/09/13 19:55:31.279, 85, 2205, 113.48, 1175
2026/09/13 19:55:31.494, 85, 2475, 97.54, 1175
2026/09/13 19:55:31.696, 85, 2475, 97.54, 1182
2026/09/13 19:55:31.901, 85, 2475, 97.54, 1175
2026/09/13 19:55:32.104, 83, 2445, 118.78, 1175
2026/09/13 19:55:32.306, 83, 2445, 118.78, 1182
2026/09/13 19:55:32.508, 85, 2475, 113.07, 1175
2026/09/13 19:55:32.709, 85, 2475, 113.07, 1175
2026/09/13 19:55:32.912, 85, 2475, 113.07, 1175
2026/09/13 19:55:33.118, 86, 2415, 114.27, 1175
2026/09/13 19:55:33.320, 86, 2415, 114.27, 1175
2026/09/13 19:55:33.523, 85, 2325, 115.63, 1175
2026/09/13 19:55:33.726, 85, 2325, 115.63, 1175
2026/09/13 19:55:33.933, 85, 2325, 115.63, 1175
2026/09/13 19:55:34.135, 88, 2280, 116.13, 1175
2026/09/13 19:55:34.340, 88, 2280, 116.13, 1175
2026/09/13 19:55:34.541, 87, 2325, 113.26, 1175
2026/09/13 19:55:34.744, 87, 2325, 113.26, 1175
2026/09/13 19:55:34.947, 87, 2325, 113.26, 1175
2026/09/13 19:55:35.153, 86, 2355, 116.35, 1175
2026/09/13 19:55:35.356, 86, 2355, 116.35, 1175
2026/09/13 19:55:35.562, 87, 2370, 117.35, 1175
2026/09/13 19:55:35.764, 87, 2370, 117.35, 1175
2026/09/13 19:55:35.967, 85, 2310, 107.29, 1175
2026/09/13 19:55:36.171, 85, 2310, 107.29, 1175
2026/09/13 19:55:36.376, 85, 2310, 107.29, 1175
2026/09/13 19:55:36.591, 85, 2145, 117.36, 1175
2026/09/13 19:55:36.794, 85, 2145, 117.36, 1175
2026/09/13 19:55:36.997, 87, 2205, 107.05, 1175
2026/09/13 19:55:37.202, 87, 2205, 107.05, 1175
2026/09/13 19:55:37.405, 87, 2205, 107.05, 1175
2026/09/13 19:55:37.607, 81, 2070, 47.11, 1175
2026/09/13 19:55:37.810, 81, 2070, 47.11, 1175
2026/09/13 19:55:38.011, 88, 2430, 108.32, 1175
2026/09/13 19:55:38.215, 88, 2430, 108.32, 1175
2026/09/13 19:55:38.417, 88, 2430, 108.32, 1175
2026/09/13 19:55:38.621, 86, 2250, 105.22, 1175
2026/09/13 19:55:38.822, 86, 2250, 105.22, 1175
2026/09/13 19:55:39.026, 84, 2250, 103.89, 1175
2026/09/13 19:55:39.229, 84, 2250, 103.89, 1175
2026/09/13 19:55:39.432, 84, 2250, 103.89, 1175
2026/09/13 19:55:39.635, 83, 2355, 101.28, 1175
2026/09/13 19:55:39.839, 83, 2355, 101.28, 1175
2026/09/13 19:55:40.040, 86, 2265, 103.22, 1175
2026/09/13 19:55:40.242, 86, 2265, 103.22, 1175
2026/09/13 19:55:40.445, 86, 2265, 103.22, 1175
2026/09/13 19:55:40.649, 87, 2115, 110.04, 1175
2026/09/13 19:55:40.849, 87, 2115, 110.04, 1175
2026/09/13 19:55:41.054, 87, 2280, 108.52, 1175
2026/09/13 19:55:41.257, 87, 2280, 108.52, 1175
2026/09/13 19:55:41.459, 87, 2280, 108.52, 1175
2026/09/13 19:55:41.661, 84, 2085, 98.51, 1175
2026/09/13 19:55:41.864, 84, 2085, 98.51, 1175
2026/09/13 19:55:42.065, 88, 2175, 106.96, 1175
2026/09/13 19:55:42.267, 88, 2175, 106.96, 1175
2026/09/13 19:55:42.473, 86, 2235, 106.12, 1175
2026/09/13 19:55:42.674, 86, 2235, 106.12, 1175
2026/09/13 19:55:42.879, 86, 2235, 106.12, 1175
2026/09/13 19:55:43.083, 87, 2235, 97.73, 1175
2026/09/13 19:55:43.298, 87, 2235, 97.73, 1175
2026/09/13 19:55:43.500, 88, 2010, 108.82, 1175
2026/09/13 19:55:43.706, 88, 2010, 108.82, 1175
2026/09/13 19:55:43.908, 88, 2010, 108.82, 1175
2026/09/13 19:55:44.112, 85, 2175, 100.16, 1175
2026/09/13 19:55:44.315, 85, 2175, 100.16, 1175
2026/09/13 19:55:44.517, 87, 2235, 120.63, 1175
2026/09/13 19:55:44.721, 87, 2235, 120.63, 1175
2026/09/13 19:55:44.924, 87, 2235, 120.63, 1175
2026/09/13 19:55:45.126, 88, 2310, 97.31, 1175
2026/09/13 19:55:45.330, 88, 2310, 97.31, 1175
2026/09/13 19:55:45.531, 85, 2250, 102.97, 1175
2026/09/13 19:55:45.733, 85, 2250, 102.97, 1175
2026/09/13 19:55:45.934, 85, 2250, 102.97, 1175
2026/09/13 19:55:46.138, 85, 2100, 107.69, 1175
2026/09/13 19:55:46.341, 85, 2100, 107.69, 1175
2026/09/13 19:55:46.546, 84, 2280, 103.01, 1175
2026/09/13 19:55:46.748, 84, 2280, 103.01, 1175
2026/09/13 19:55:46.949, 84, 2280, 103.01, 1175
2026/09/13 19:55:47.164, 88, 2235, 102.97, 1175
2026/09/13 19:55:47.370, 88, 2235, 102.97, 1175
2026/09/13 19:55:47.573, 87, 2070, 109.77, 1175
2026/09/13 19:55:47.777, 87, 2070, 109.77, 1175
2026/09/13 19:55:47.984, 86, 2220, 96.49, 1175
2026/09/13 19:55:48.187, 86, 2220, 96.49, 1175
2026/09/13 19:55:48.392, 86, 2220, 96.49, 1175
2026/09/13 19:55:48.597, 85, 2100, 100.55, 1175
2026/09/13 19:55:48.799, 85, 2100, 100.55, 1175
2026/09/13 19:55:49.001, 87, 2100, 86.61, 1175
2026/09/13 19:55:49.204, 87, 2100, 86.61, 1175
2026/09/13 19:55:49.408, 87, 2100, 86.61, 1175
2026/09/13 19:55:49.611, 87, 2265, 103.71, 1175
2026/09/13 19:55:49.815, 87, 2265, 103.71, 1175
2026/09/13 19:55:50.017, 86, 1920, 103.47, 1175
2026/09/13 19:55:50.221, 86, 1920, 103.47, 1175
2026/09/13 19:55:50.424, 86, 1920, 103.47, 1175
2026/09/13 19:55:50.626, 86, 2130, 93.09, 1175
2026/09/13 19:55:50.830, 86, 2130, 93.09, 1175
2026/09/13 19:55:51.033, 88, 2175, 97.02, 1175
2026/09/13 19:55:51.239, 88, 2175, 97.02, 1175
2026/09/13 19:55:51.441, 88, 2175, 97.02, 1175
2026/09/13 19:55:51.656, 88, 2010, 114.86, 1175
2026/09/13 19:55:51.859, 88, 2010, 114.86, 1175
2026/09/13 19:55:52.061, 90, 2355, 114.01, 1175
2026/09/13 19:55:52.265, 90, 2355, 114.01, 1175
2026/09/13 19:55:52.467, 86, 2265, 106.01, 1175
2026/09/13 19:55:52.672, 86, 2265, 106.01, 1175
2026/09/13 19:55:52.876, 86, 2265, 106.01, 1175
2026/09/13 19:55:53.078, 87, 2265, 100.46, 1175
2026/09/13 19:55:53.280, 87, 2265, 100.46, 1175
2026/09/13 19:55:53.482, 87, 2055, 101.67, 1175
2026/09/13 19:55:53.684, 87, 2055, 101.67, 1175
2026/09/13 19:55:53.887, 87, 2055, 101.67, 1175
2026/09/13 19:55:54.091, 87, 1830, 101.71, 1175
2026/09/13 19:55:54.293, 87, 1830, 101.71, 1175
2026/09/13 19:55:54.497, 89, 2190, 108.64, 1175
2026/09/13 19:55:54.700, 89, 2190, 108.64, 1175
2026/09/13 19:55:54.902, 89, 2190, 108.64, 1175
2026/09/13 19:55:55.105, 85, 2025, 99.93, 1175
2026/09/13 19:55:55.308, 85, 2025, 99.93, 1175
2026/09/13 19:55:55.512, 87, 2100, 98.00, 1175
2026/09/13 19:55:55.715, 87, 2100, 98.00, 1175
2026/09/13 19:55:55.919, 87, 2100, 98.00, 1175
2026/09/13 19:55:56.124, 87, 2145, 92.27, 1175
2026/09/13 19:55:56.328, 87, 2145, 92.27, 1175
2026/09/13 19:55:56.533, 88, 1950, 95.49, 1175
2026/09/13 19:55:56.737, 88, 1950, 95.49, 1175
2026/09/13 19:55:56.942, 88, 1950, 95.49, 1175
2026/09/13 19:55:57.147, 87, 2175, 94.04, 1175
2026/09/13 19:55:57.350, 87, 2175, 94.04, 1175
2026/09/13 19:55:57.554, 86, 2190, 102.78, 1175
2026/09/13 19:55:57.761, 86, 2190, 102.78, 1175
2026/09/13 19:55:57.964, 86, 2190, 102.78, 1175
2026/09/13 19:55:58.167, 87, 2235, 88.62, 1175
2026/09/13 19:55:58.371, 87, 2235, 88.62, 1175
2026/09/13 19:55:58.575, 88, 2250, 95.67, 1175
2026/09/13 19:55:58.779, 88, 2250, 95.67, 1175
2026/09/13 19:55:58.982, 87, 2025, 93.50, 1175
2026/09/13 19:55:59.186, 87, 2025, 93.50, 1175
2026/09/13 19:55:59.387, 87, 2025, 93.50, 1175
2026/09/13 19:55:59.590, 86, 2100, 90.56, 1175
2026/09/13 19:55:59.793, 86, 2100, 90.56, 1175
2026/09/13 19:55:59.996, 85, 1965, 91.70, 1175
2026/09/13 19:56:00.199, 85, 1965, 91.70, 1175
2026/09/13 19:56:00.402, 85, 1965, 91.70, 1175
2026/09/13 19:56:00.605, 85, 1950, 93.83, 1175
2026/09/13 19:56:00.808, 85, 1950, 93.83, 1175
2026/09/13 19:56:01.009, 87, 2100, 93.60, 1175
2026/09/13 19:56:01.213, 87, 2100, 93.60, 1175
2026/09/13 19:56:01.417, 87, 2100, 93.60, 1175
2026/09/13 19:56:01.618, 87, 2295, 87.22, 1175
2026/09/13 19:56:01.820, 87, 2295, 87.22, 1175
2026/09/13 19:56:02.026, 85, 2025, 91.30, 1175
2026/09/13 19:56:02.231, 85, 2025, 91.30, 1175
2026/09/13 19:56:02.433, 85, 2025, 91.30, 1175
2026/09/13 19:56:02.636, 90, 2040, 89.25, 1175
2026/09/13 19:56:02.837, 90, 2040, 89.25, 1175
2026/09/13 19:56:03.042, 86, 2055, 93.82, 1175
2026/09/13 19:56:03.244, 86, 2055, 93.82, 1175
2026/09/13 19:56:03.448, 86, 2055, 93.82, 1175
2026/09/13 19:56:03.650, 86, 1800, 97.43, 1175
2026/09/13 19:56:03.855, 86, 1800, 97.43, 1175
2026/09/13 19:56:04.070, 88, 2085, 93.96, 1175
2026/09/13 19:56:04.273, 88, 2085, 93.96, 1175
2026/09/13 19:56:04.476, 87, 2130, 122.64, 1175
2026/09/13 19:56:04.681, 87, 2130, 122.64, 1175
2026/09/13 19:56:04.884, 87, 2130, 122.64, 1175
2026/09/13 19:56:05.090, 84, 2010, 81.76, 1175
2026/09/13 19:56:05.294, 84, 2010, 81.76, 1175
2026/09/13 19:56:05.499, 86, 2100, 71.96, 1175
2026/09/13 19:56:05.701, 86, 2100, 71.96, 1175
2026/09/13 19:56:05.903, 86, 2100, 71.96, 1175
2026/09/13 19:56:06.104, 88, 1920, 80.96, 1175
2026/09/13 19:56:06.307, 88, 1920, 80.96, 1175
2026/09/13 19:56:06.512, 88, 2190, 95.55, 1175
2026/09/13 19:56:06.715, 88, 2190, 95.55, 1175
2026/09/13 19:56:06.919, 88, 2190, 95.55, 1175
2026/09/13 19:56:07.134, 87, 1785, 90.32, 1175
2026/09/13 19:56:07.337, 87, 1785, 90.32, 1175
2026/09/13 19:56:07.539, 86, 2040, 87.72, 1175
2026/09/13 19:56:07.742, 86, 2040, 87.72, 1175
2026/09/13 19:56:07.945, 86, 2040, 87.72, 1175
2026/09/13 19:56:08.150, 88, 1920, 88.25, 1175
2026/09/13 19:56:08.353, 88, 1920, 88.25, 1175
2026/09/13 19:56:08.554, 87, 2040, 89.33, 1175
2026/09/13 19:56:08.758, 87, 2040, 89.33, 1175
2026/09/13 19:56:08.960, 87, 2040, 89.33, 1175
2026/09/13 19:56:09.161, 85, 1845, 89.74, 1175
2026/09/13 19:56:09.366, 85, 1845, 89.74, 1175
2026/09/13 19:56:09.569, 88, 1980, 92.21, 1175
2026/09/13 19:56:09.772, 88, 1980, 92.21, 1175
2026/09/13 19:56:09.975, 90, 1935, 99.60, 1175
2026/09/13 19:56:10.178, 90, 1935, 99.60, 1175
2026/09/13 19:56:10.380, 90, 1935, 99.60, 1175
2026/09/13 19:56:10.584, 86, 2070, 81.61, 1175
2026/09/13 19:56:10.786, 86, 2070, 81.61, 1175
2026/09/13 19:56:10.989, 87, 1830, 99.60, 1175
2026/09/13 19:56:11.190, 87, 1830, 99.60, 1175
2026/09/13 19:56:11.392, 87, 1830, 99.60, 1175
2026/09/13 19:56:11.595, 87, 1950, 113.33, 1175
2026/09/13 19:56:11.798, 87, 1950, 113.33, 1175
2026/09/13 19:56:12.013, 86, 1890, 92.66, 1175
2026/09/13 19:56:12.214, 86, 1890, 92.66, 1175
2026/09/13 19:56:12.417, 86, 1890, 92.66, 1175
2026/09/13 19:56:12.620, 88, 2055, 98.79, 1175
2026/09/13 19:56:12.821, 88, 2055, 98.79, 1175
2026/09/13 19:56:13.025, 86, 1710, 88.94, 1175
2026/09/13 19:56:13.228, 86, 1710, 88.94, 1175
2026/09/13 19:56:13.432, 86, 1710, 88.94, 1175
2026/09/13 19:56:13.632, 87, 2055, 92.49, 1175
2026/09/13 19:56:13.836, 87, 2055, 92.49, 1175
2026/09/13 19:56:14.039, 85, 1905, 102.05, 1175
2026/09/13 19:56:14.240, 85, 1905, 102.05, 1175
2026/09/13 19:56:14.442, 85, 1905, 102.05, 1175
2026/09/13 19:56:14.646, 86, 1980, 86.36, 1175
2026/09/13 19:56:14.850, 86, 1980, 86.36, 1175
2026/09/13 19:56:15.054, 86, 2010, 75.45, 1175
2026/09/13 19:56:15.255, 86, 2010, 75.45, 1175
2026/09/13 19:56:15.458, 86, 2010, 75.45, 1175
2026/09/13 19:56:15.661, 84, 2085, 84.64, 1175
2026/09/13 19:56:15.863, 84, 2085, 84.64, 1175
2026/09/13 19:56:16.069, 87, 2010, 76.95, 1175
2026/09/13 19:56:16.273, 87, 2010, 76.95, 1175
2026/09/13 19:56:16.478, 85, 1740, 83.32, 1175
2026/09/13 19:56:16.681, 85, 1740, 83.32, 1175
2026/09/13 19:56:16.886, 85, 1740, 83.32, 1175
2026/09/13 19:56:17.090, 87, 2040, 88.11, 1175
2026/09/13 19:56:17.293, 87, 2040, 88.11, 1175
2026/09/13 19:56:17.496, 89, 1920, 90.27, 1175
2026/09/13 19:56:17.698, 89, 1920, 90.27, 1175
2026/09/13 19:56:17.900, 89, 1920, 90.27, 1175
2026/09/13 19:56:18.104, 83, 1605, 66.08, 1175
2026/09/13 19:56:18.308, 83, 1605, 66.08, 1175
2026/09/13 19:56:18.512, 91, 2040, 111.09, 1175
2026/09/13 19:56:18.714, 91, 2040, 111.09, 1175
2026/09/13 19:56:18.916, 91, 2040, 111.09, 1175
2026/09/13 19:56:19.121, 84, 1710, 71.18, 1175
2026/09/13 19:56:19.322, 84, 1710, 71.18, 1175
2026/09/13 19:56:19.526, 92, 1905, 108.39, 1175
2026/09/13 19:56:19.730, 92, 1905, 108.39, 1175
2026/09/13 19:56:19.932, 92, 1905, 108.39, 1175
2026/09/13 19:56:20.136, 84, 1860, 65.21, 1175
2026/09/13 19:56:20.337, 84, 1860, 65.21, 1175
2026/09/13 19:56:20.541, 91, 2280, 87.34, 1175
2026/09/13 19:56:20.744, 91, 2280, 87.34, 1175
2026/09/13 19:56:20.946, 91, 2280, 87.34, 1175
2026/09/13 19:56:21.150, 85, 1845, 79.71, 1175
2026/09/13 19:56:21.355, 85, 1845, 79.71, 1175
2026/09/13 19:56:21.560, 91, 2280, 87.89, 1175
2026/09/13 19:56:21.763, 91, 2280, 87.89, 1175
2026/09/13 19:56:21.968, 86, 1830, 77.06, 1175
2026/09/13 19:56:22.171, 86, 1830, 77.06, 1175
2026/09/13 19:56:22.374, 86, 1830, 77.06, 1175
2026/09/13 19:56:22.574, 87, 1785, 76.20, 1175
2026/09/13 19:56:22.778, 87, 1785, 76.20, 1175
2026/09/13 19:56:22.982, 86, 1815, 82.90, 1175
2026/09/13 19:56:23.184, 86, 1815, 82.90, 1175
2026/09/13 19:56:23.388, 86, 1815, 82.90, 1175
2026/09/13 19:56:23.593, 88, 1755, 81.66, 1175
2026/09/13 19:56:23.798, 88, 1755, 81.66, 1175
2026/09/13 19:56:24.001, 86, 1935, 73.67, 1175
2026/09/13 19:56:24.207, 86, 1935, 73.67, 1175
2026/09/13 19:56:24.409, 86, 1935, 73.67, 1175
2026/09/13 19:56:24.612, 90, 1845, 103.95, 1175
2026/09/13 19:56:24.816, 90, 1845, 103.95, 1175
2026/09/13 19:56:25.018, 85, 1875, 78.22, 1175
2026/09/13 19:56:25.221, 85, 1875, 78.22, 1175
2026/09/13 19:56:25.423, 85, 1875, 78.22, 1175
2026/09/13 19:56:25.625, 89, 1770, 83.60, 1175
2026/09/13 19:56:25.840, 89, 1770, 83.60, 1175
2026/09/13 19:56:26.043, 85, 1815, 70.00, 1175
2026/09/13 19:56:26.248, 85, 1815, 70.00, 1175
2026/09/13 19:56:26.450, 85, 1815, 70.00, 1175
2026/09/13 19:56:26.651, 88, 1695, 78.37, 1175
2026/09/13 19:56:26.856, 88, 1695, 78.37, 1175
2026/09/13 19:56:27.058, 86, 1995, 79.94, 1175
2026/09/13 19:56:27.259, 86, 1995, 79.94, 1175
2026/09/13 19:56:27.463, 86, 1995, 79.94, 1175
2026/09/13 19:56:27.666, 93, 2490, 76.00, 1175
2026/09/13 19:56:27.870, 93, 2490, 76.00, 1175
2026/09/13 19:56:28.073, 87, 2010, 100.53, 1175
2026/09/13 19:56:28.274, 87, 2010, 100.53, 1175
2026/09/13 19:56:28.477, 89, 1905, 98.21, 1175
2026/09/13 19:56:28.682, 89, 1905, 98.21, 1175
2026/09/13 19:56:28.883, 89, 1905, 98.21, 1175
2026/09/13 19:56:29.086, 86, 1890, 88.73, 1175
2026/09/13 19:56:29.289, 86, 1890, 88.73, 1175
2026/09/13 19:56:29.492, 87, 1725, 81.63, 1175
2026/09/13 19:56:29.694, 87, 1725, 81.63, 1175
2026/09/13 19:56:29.899, 87, 1725, 81.63, 1175
2026/09/13 19:56:30.101, 86, 1725, 80.96, 1175
2026/09/13 19:56:30.303, 86, 1725, 80.96, 1175
2026/09/13 19:56:30.507, 86, 1725, 80.00, 1175
2026/09/13 19:56:30.712, 86, 1725, 80.00, 1175
2026/09/13 19:56:30.915, 86, 1725, 80.00, 1175
2026/09/13 19:56:31.116, 86, 1665, 78.96, 1175
2026/09/13 19:56:31.320, 86, 1665, 78.96, 1175
2026/09/13 19:56:31.523, 86, 1665, 82.02, 1175
2026/09/13 19:56:31.727, 86, 1665, 82.02, 1175
2026/09/13 19:56:31.931, 86, 1665, 82.02, 1175
2026/09/13 19:56:32.133, 86, 1770, 77.92, 1175
2026/09/13 19:56:32.335, 86, 1770, 77.92, 1175
2026/09/13 19:56:32.537, 77, 2490, 28.86, 1175
2026/09/13 19:56:32.740, 77, 2490, 28.86, 1175
2026/09/13 19:56:32.942, 77, 2490, 28.86, 1175
2026/09/13 19:56:33.149, 87, 2190, 105.71, 1175
2026/09/13 19:56:33.350, 87, 2190, 105.71, 1175
2026/09/13 19:56:33.552, 86, 1830, 77.63, 1175
2026/09/13 19:56:33.754, 86, 1830, 77.63, 1175
2026/09/13 19:56:33.958, 86, 1830, 77.63, 1175
2026/09/13 19:56:34.164, 85, 1875, 79.53, 1175
2026/09/13 19:56:34.368, 85, 1875, 79.53, 1175
2026/09/13 19:56:34.570, 87, 2025, 86.12, 1175
2026/09/13 19:56:34.774, 87, 2025, 86.12, 1175
2026/09/13 19:56:34.975, 85, 1755, 76.22, 1175
2026/09/13 19:56:35.177, 85, 1755, 76.22, 1175
2026/09/13 19:56:35.381, 85, 1755, 76.22, 1175
2026/09/13 19:56:35.583, 87, 1935, 80.74, 1175
2026/09/13 19:56:35.787, 87, 1935, 80.74, 1175
2026/09/13 19:56:35.990, 86, 1830, 83.38, 1175
2026/09/13 19:56:36.192, 86, 1830, 83.38, 1175
2026/09/13 19:56:36.396, 86, 1830, 83.38, 1175
2026/09/13 19:56:36.597, 88, 2040, 84.75, 1175
2026/09/13 19:56:36.800, 88, 2040, 84.75, 1175
2026/09/13 19:56:37.003, 85, 1605, 70.48, 1175
2026/09/13 19:56:37.207, 85, 1605, 70.48, 1175
2026/09/13 19:56:37.409, 85, 1605, 70.48, 1175
2026/09/13 19:56:37.611, 88, 1650, 81.24, 1175
2026/09/13 19:56:37.816, 88, 1650, 81.24, 1183
2026/09/13 19:56:38.021, 86, 1650, 72.49, 1175
2026/09/13 19:56:38.223, 86, 1650, 72.49, 1175
2026/09/13 19:56:38.428, 86, 1650, 72.49, 1176
2026/09/13 19:56:38.632, 87, 1920, 81.13, 1175
2026/09/13 19:56:38.836, 87, 1920, 81.13, 1175
2026/09/13 19:56:39.038, 88, 1740, 86.00, 1176
2026/09/13 19:56:39.242, 88, 1740, 86.00, 1175
2026/09/13 19:56:39.446, 88, 1740, 86.00, 1175
2026/09/13 19:56:39.649, 87, 1995, 94.20, 1175
2026/09/13 19:56:39.852, 87, 1995, 94.20, 1175
2026/09/13 19:56:40.054, 87, 2145, 77.28, 1175
2026/09/13 19:56:40.257, 87, 2145, 77.28, 1175
2026/09/13 19:56:40.463, 87, 2145, 77.28, 1175
2026/09/13 19:56:40.666, 88, 1650, 81.25, 1175
2026/09/13 19:56:40.869, 88, 1650, 81.25, 1175
2026/09/13 19:56:41.073, 87, 1875, 75.43, 1175
2026/09/13 19:56:41.276, 87, 1875, 75.43, 1175
2026/09/13 19:56:41.480, 87, 1890, 89.14, 1175
2026/09/13 19:56:41.681, 87, 1890, 89.14, 1175
2026/09/13 19:56:41.883, 87, 1890, 89.14, 1175
2026/09/13 19:56:42.087, 89, 1875, 85.29, 1175
2026/09/13 19:56:42.292, 89, 1875, 85.29, 1175
2026/09/13 19:56:42.497, 86, 1740, 81.73, 1175
2026/09/13 19:56:42.698, 86, 1740, 81.73, 1175
2026/09/13 19:56:42.901, 86, 1740, 81.73, 1175
2026/09/13 19:56:43.105, 84, 1605, 65.05, 1175
2026/09/13 19:56:43.309, 84, 1605, 65.05, 1175
2026/09/13 19:56:43.523, 90, 1530, 97.25, 1175
2026/09/13 19:56:43.726, 90, 1530, 97.25, 1175
2026/09/13 19:56:43.929, 90, 1530, 97.25, 1175
2026/09/13 19:56:44.133, 85, 1860, 75.60, 1175
2026/09/13 19:56:44.338, 85, 1860, 75.60, 1175
2026/09/13 19:56:44.543, 89, 1875, 81.94, 1175
2026/09/13 19:56:44.748, 89, 1875, 81.94, 1175
2026/09/13 19:56:44.951, 89, 1875, 81.94, 1175
2026/09/13 19:56:45.155, 85, 1785, 79.56, 1175
2026/09/13 19:56:45.359, 85, 1785, 79.56, 1175
2026/09/13 19:56:45.560, 87, 2145, 79.35, 1175
2026/09/13 19:56:45.764, 87, 2145, 79.35, 1175
2026/09/13 19:56:45.979, 86, 1725, 73.25, 1175
2026/09/13 19:56:46.179, 86, 1725, 73.25, 1175
2026/09/13 19:56:46.383, 86, 1725, 73.25, 1175
2026/09/13 19:56:46.588, 85, 1950, 76.34, 1175
2026/09/13 19:56:46.792, 85, 1950, 76.34, 1175
2026/09/13 19:56:46.994, 87, 1830, 80.18, 1175
2026/09/13 19:56:47.197, 87, 1830, 80.18, 1175
2026/09/13 19:56:47.401, 87, 1830, 80.18, 1175
2026/09/13 19:56:47.603, 88, 2205, 83.69, 1175
2026/09/13 19:56:47.807, 88, 2205, 83.69, 1175
2026/09/13 19:56:48.011, 85, 1605, 70.44, 1175
2026/09/13 19:56:48.214, 85, 1605, 70.44, 1175
2026/09/13 19:56:48.419, 85, 1605, 70.44, 1175
2026/09/13 19:56:48.622, 90, 2040, 100.28, 1175
2026/09/13 19:56:48.825, 90, 2040, 100.28, 1175
2026/09/13 19:56:49.026, 86, 1755, 83.56, 1175
2026/09/13 19:56:49.230, 86, 1755, 83.56, 1175
2026/09/13 19:56:49.431, 86, 1755, 83.56, 1175
2026/09/13 19:56:49.634, 87, 1770, 78.85, 1175
2026/09/13 19:56:49.837, 87, 1770, 78.85, 1175
2026/09/13 19:56:50.042, 87, 1635, 81.03, 1175
2026/09/13 19:56:50.243, 87, 1635, 81.03, 1175
2026/09/13 19:56:50.446, 87, 1635, 81.03, 1175
2026/09/13 19:56:50.649, 86, 1785, 77.21, 1175
2026/09/13 19:56:50.855, 86, 1785, 77.21, 1175
2026/09/13 19:56:51.070, 91, 1815, 96.40, 1175
2026/09/13 19:56:51.272, 91, 1815, 96.40, 1175
2026/09/13 19:56:51.477, 87, 1860, 76.04, 1175
2026/09/13 19:56:51.678, 87, 1860, 76.04, 1175
2026/09/13 19:56:51.882, 87, 1860, 76.04, 1175
2026/09/13 19:56:52.085, 87, 1665, 77.13, 1175
2026/09/13 19:56:52.286, 87, 1665, 77.13, 1175
2026/09/13 19:56:52.490, 86, 1905, 73.30, 1175
2026/09/13 19:56:52.694, 86, 1905, 73.30, 1175
2026/09/13 19:56:52.898, 86, 1905, 73.30, 1175
2026/09/13 19:56:53.100, 89, 1770, 75.77, 1175
2026/09/13 19:56:53.303, 89, 1770, 75.77, 1175
2026/09/13 19:56:53.506, 85, 1785, 71.55, 1175
2026/09/13 19:56:53.709, 85, 1785, 71.55, 1175
2026/09/13 19:56:53.913, 85, 1785, 71.55, 1175
2026/09/13 19:56:54.116, 85, 2040, 76.69, 1175
2026/09/13 19:56:54.317, 85, 2040, 76.69, 1175
2026/09/13 19:56:54.520, 86, 1815, 76.58, 1175
2026/09/13 19:56:54.724, 86, 1815, 76.58, 1175
2026/09/13 19:56:54.928, 86, 1815, 76.58, 1175
2026/09/13 19:56:55.131, 88, 1890, 78.06, 1175
2026/09/13 19:56:55.334, 88, 1890, 78.06, 1175
2026/09/13 19:56:55.538, 85, 1710, 76.44, 1175
2026/09/13 19:56:55.742, 85, 1710, 76.44, 1175
2026/09/13 19:56:55.946, 85, 1710, 76.44, 1175
2026/09/13 19:56:56.150, 87, 1785, 79.44, 1175
2026/09/13 19:56:56.356, 87, 1785, 79.44, 1175
2026/09/13 19:56:56.559, 88, 1695, 95.69, 1175
2026/09/13 19:56:56.764, 88, 1695, 95.69, 1175
2026/09/13 19:56:56.967, 88, 1695, 95.69, 1175
2026/09/13 19:56:57.171, 88, 1875, 78.67, 1175
2026/09/13 19:56:57.374, 88, 1875, 78.67, 1175
2026/09/13 19:56:57.580, 89, 1770, 88.62, 1175
2026/09/13 19:56:57.784, 89, 1770, 88.62, 1175
2026/09/13 19:56:57.986, 85, 1860, 80.76, 1175
2026/09/13 19:56:58.188, 85, 1860, 80.76, 1175
2026/09/13 19:56:58.391, 85, 1860, 80.76, 1175
2026/09/13 19:56:58.594, 89, 1770, 81.37, 1175
2026/09/13 19:56:58.795, 89, 1770, 81.37, 1175
2026/09/13 19:56:58.998, 85, 1815, 73.51, 1175
2026/09/13 19:56:59.200, 85, 1815, 73.51, 1175
2026/09/13 19:56:59.403, 85, 1815, 73.51, 1175
2026/09/13 19:56:59.605, 84, 1815, 78.83, 1175
2026/09/13 19:56:59.809, 84, 1815, 78.83, 1175
2026/09/13 19:57:00.011, 86, 1830, 78.75, 1175
2026/09/13 19:57:00.216, 86, 1830, 78.75, 1175
2026/09/13 19:57:00.419, 86, 1830, 78.75, 1175
2026/09/13 19:57:00.621, 88, 1965, 85.69, 1175
2026/09/13 19:57:00.825, 88, 1965, 85.69, 1175
2026/09/13 19:57:01.028, 85, 1755, 72.77, 1175
2026/09/13 19:57:01.230, 85, 1755, 72.77, 1175
2026/09/13 19:57:01.435, 85, 1755, 72.77, 1175
2026/09/13 19:57:01.637, 88, 1860, 77.10, 1175
2026/09/13 19:57:01.841, 88, 1860, 77.10, 1175
2026/09/13 19:57:02.044, 88, 1725, 73.84, 1175
2026/09/13 19:57:02.248, 88, 1725, 73.84, 1175
2026/09/13 19:57:02.449, 88, 1725, 73.84, 1175
2026/09/13 19:57:02.653, 86, 1785, 75.10, 1175
2026/09/13 19:57:02.856, 86, 1785, 75.10, 1175
2026/09/13 19:57:03.059, 88, 1725, 72.85, 1175
2026/09/13 19:57:03.264, 88, 1725, 72.85, 1175
2026/09/13 19:57:03.467, 88, 1725, 72.85, 1175
2026/09/13 19:57:03.670, 88, 1830, 81.22, 1175
2026/09/13 19:57:03.875, 88, 1830, 81.22, 1175
2026/09/13 19:57:04.081, 87, 1695, 75.50, 1175
2026/09/13 19:57:04.284, 87, 1695, 75.50, 1175
2026/09/13 19:57:04.489, 88, 1905, 83.01, 1175
2026/09/13 19:57:04.691, 88, 1905, 83.01, 1175
2026/09/13 19:57:04.894, 88, 1905, 83.01, 1175
2026/09/13 19:57:05.100, 84, 1605, 65.06, 1175
2026/09/13 19:57:05.303, 84, 1605, 65.06, 1175
2026/09/13 19:57:05.506, 86, 1815, 70.73, 1175
2026/09/13 19:57:05.711, 86, 1815, 70.73, 1175
2026/09/13 19:57:05.913, 86, 1815, 70.73, 1175
2026/09/13 19:57:06.117, 89, 1845, 84.01, 1175
2026/09/13 19:57:06.318, 89, 1845, 84.01, 1175
2026/09/13 19:57:06.519, 86, 1605, 75.34, 1175
2026/09/13 19:57:06.724, 86, 1605, 75.34, 1175
2026/09/13 19:57:06.927, 86, 1605, 75.34, 1175
2026/09/13 19:57:07.131, 86, 1860, 68.61, 1175
2026/09/13 19:57:07.335, 86, 1860, 68.61, 1175
2026/09/13 19:57:07.540, 89, 2010, 78.62, 1175
2026/09/13 19:57:07.745, 89, 2010, 78.62, 1175
2026/09/13 19:57:07.948, 89, 2010, 78.62, 1175
2026/09/13 19:57:08.152, 86, 1800, 73.26, 1175
2026/09/13 19:57:08.353, 86, 1800, 73.26, 1175
2026/09/13 19:57:08.558, 86, 1665, 74.06, 1175
2026/09/13 19:57:08.763, 86, 1665, 74.06, 1175
2026/09/13 19:57:08.966, 86, 1665, 74.06, 1175
2026/09/13 19:57:09.172, 88, 1710, 78.86, 1175
2026/09/13 19:57:09.373, 88, 1710, 78.86, 1175
2026/09/13 19:57:09.576, 86, 1935, 70.39, 1175
2026/09/13 19:57:09.781, 86, 1935, 70.39, 1175
2026/09/13 19:57:09.983, 87, 1815, 91.83, 1175
2026/09/13 19:57:10.188, 87, 1815, 91.83, 1175
2026/09/13 19:57:10.390, 87, 1815, 91.83, 1175
2026/09/13 19:57:10.592, 86, 1800, 72.06, 1175
2026/09/13 19:57:10.797, 86, 1800, 72.06, 1175
2026/09/13 19:57:11.001, 87, 1650, 73.49, 1175
2026/09/13 19:57:11.205, 87, 1650, 73.49, 1175
2026/09/13 19:57:11.408, 87, 1650, 73.49, 1175
2026/09/13 19:57:11.612, 88, 1605, 79.77, 1175
2026/09/13 19:57:11.816, 88, 1605, 79.77, 1175
2026/09/13 19:57:12.018, 84, 1605, 67.32, 1175
2026/09/13 19:57:12.224, 84, 1605, 67.32, 1175
2026/09/13 19:57:12.428, 84, 1605, 67.32, 1175
2026/09/13 19:57:12.631, 85, 1785, 70.35, 1175
2026/09/13 19:57:12.836, 85, 1785, 70.35, 1175
2026/09/13 19:57:13.040, 86, 1980, 78.04, 1175
2026/09/13 19:57:13.241, 86, 1980, 78.04, 1175
2026/09/13 19:57:13.444, 86, 1980, 78.04, 1175
2026/09/13 19:57:13.648, 86, 1605, 74.96, 1175
2026/09/13 19:57:13.850, 86, 1605, 74.96, 1175
2026/09/13 19:57:14.053, 87, 1815, 60.86, 1175
2026/09/13 19:57:14.254, 87, 1815, 60.86, 1175
2026/09/13 19:57:14.457, 87, 1815, 60.86, 1175
2026/09/13 19:57:14.657, 88, 1695, 76.19, 1175
2026/09/13 19:57:14.860, 88, 1695, 76.19, 1175
2026/09/13 19:57:15.064, 87, 1785, 78.90, 1175
2026/09/13 19:57:15.266, 87, 1785, 78.90, 1175
2026/09/13 19:57:15.469, 87, 1785, 78.90, 1175
2026/09/13 19:57:15.674, 86, 1650, 72.09, 1175
2026/09/13 19:57:15.876, 86, 1650, 72.09, 1175
2026/09/13 19:57:16.079, 86, 1770, 67.94, 1175
2026/09/13 19:57:16.281, 86, 1770, 67.94, 1175
2026/09/13 19:57:16.483, 86, 1740, 83.51, 1175
2026/09/13 19:57:16.684, 86, 1740, 83.51, 1175
2026/09/13 19:57:16.888, 86, 1740, 83.51, 1175
2026/09/13 19:57:17.090, 87, 1680, 79.88, 1175
2026/09/13 19:57:17.296, 87, 1680, 79.88, 1175
2026/09/13 19:57:17.498, 85, 1770, 68.71, 1175
2026/09/13 19:57:17.700, 85, 1770, 68.71, 1175
2026/09/13 19:57:17.903, 85, 1770, 68.71, 1175
2026/09/13 19:57:18.107, 87, 1680, 74.04, 1175
2026/09/13 19:57:18.309, 87, 1680, 74.04, 1175
2026/09/13 19:57:18.512, 87, 1845, 78.54, 1175
2026/09/13 19:57:18.713, 87, 1845, 78.54, 1175
2026/09/13 19:57:18.916, 87, 1845, 78.54, 1175
2026/09/13 19:57:19.119, 88, 1710, 76.69, 1175
2026/09/13 19:57:19.322, 88, 1710, 76.69, 1175
2026/09/13 19:57:19.524, 86, 1710, 69.04, 1175
2026/09/13 19:57:19.728, 86, 1710, 69.04, 1175
2026/09/13 19:57:19.931, 86, 1710, 69.04, 1175
2026/09/13 19:57:20.133, 87, 1785, 71.75, 1175
2026/09/13 19:57:20.336, 87, 1785, 71.75, 1175
2026/09/13 19:57:20.540, 87, 1815, 87.74, 1175
2026/09/13 19:57:20.744, 87, 1815, 87.74, 1175
2026/09/13 19:57:20.947, 87, 1815, 87.74, 1175
2026/09/13 19:57:21.148, 87, 1860, 81.10, 1175
2026/09/13 19:57:21.352, 87, 1860, 81.10, 1175
2026/09/13 19:57:21.553, 87, 1620, 76.12, 1175
2026/09/13 19:57:21.757, 87, 1620, 76.12, 1175
2026/09/13 19:57:21.960, 87, 1620, 76.12, 1175
2026/09/13 19:57:22.165, 87, 1875, 73.32, 1175
2026/09/13 19:57:22.368, 87, 1875, 73.32, 1175
2026/09/13 19:57:22.570, 90, 1710, 79.88, 1175
2026/09/13 19:57:22.775, 90, 1710, 79.88, 1175
2026/09/13 19:57:22.979, 85, 1680, 68.35, 1175
2026/09/13 19:57:23.185, 85, 1680, 68.35, 1175
2026/09/13 19:57:23.387, 85, 1680, 68.35, 1175
2026/09/13 19:57:23.590, 86, 2010, 77.33, 1175
2026/09/13 19:57:23.795, 86, 2010, 77.33, 1175
2026/09/13 19:57:23.998, 86, 1755, 79.24, 1175
2026/09/13 19:57:24.201, 86, 1755, 79.24, 1175
2026/09/13 19:57:24.404, 86, 1755, 79.24, 1175
2026/09/13 19:57:24.607, 87, 1890, 78.44, 1175
2026/09/13 19:57:24.809, 87, 1890, 78.44, 1175
2026/09/13 19:57:25.012, 86, 1740, 77.69, 1175
2026/09/13 19:57:25.213, 86, 1740, 77.69, 1175
2026/09/13 19:57:25.416, 86, 1740, 77.69, 1175
2026/09/13 19:57:25.621, 86, 1785, 74.63, 1175
2026/09/13 19:57:25.825, 86, 1785, 74.63, 1175
2026/09/13 19:57:26.028, 87, 1605, 68.29, 1175
2026/09/13 19:57:26.236, 87, 1605, 68.29, 1175
2026/09/13 19:57:26.440, 87, 1605, 68.29, 1175
2026/09/13 19:57:26.641, 85, 1785, 67.66, 1175
2026/09/13 19:57:26.844, 85, 1785, 67.66, 1175
2026/09/13 19:57:27.048, 85, 1680, 77.96, 1175
2026/09/13 19:57:27.252, 85, 1680, 77.96, 1175
2026/09/13 19:57:27.454, 85, 1680, 77.96, 1175
2026/09/13 19:57:27.659, 86, 1740, 75.21, 1175
2026/09/13 19:57:27.864, 86, 1740, 75.21, 1175
2026/09/13 19:57:28.066, 87, 1785, 74.21, 1175
2026/09/13 19:57:28.271, 87, 1785, 74.21, 1175
2026/09/13 19:57:28.474, 86, 1740, 81.64, 1175
2026/09/13 19:57:28.678, 86, 1740, 81.64, 1175
2026/09/13 19:57:28.881, 86, 1740, 81.64, 1175
2026/09/13 19:57:29.085, 86, 1770, 69.91, 1175
2026/09/13 19:57:29.289, 86, 1770, 69.91, 1175
2026/09/13 19:57:29.489, 88, 1740, 72.63, 1175
2026/09/13 19:57:29.692, 88, 1740, 72.63, 1175
2026/09/13 19:57:29.897, 88, 1740, 72.63, 1175
2026/09/13 19:57:30.100, 91, 2265, 97.30, 1175
2026/09/13 19:57:30.303, 91, 2265, 97.30, 1175
2026/09/13 19:57:30.507, 86, 1605, 81.03, 1175
2026/09/13 19:57:30.709, 86, 1605, 81.03, 1175
2026/09/13 19:57:30.914, 86, 1605, 81.03, 1175
2026/09/13 19:57:31.119, 86, 1605, 70.51, 1175
2026/09/13 19:57:31.320, 86, 1605, 70.51, 1175
2026/09/13 19:57:31.523, 85, 1620, 69.73, 1175
2026/09/13 19:57:31.725, 85, 1620, 69.73, 1175
2026/09/13 19:57:31.928, 85, 1620, 69.73, 1175
2026/09/13 19:57:32.130, 86, 1650, 73.84, 1175
2026/09/13 19:57:32.333, 86, 1650, 73.84, 1175
2026/09/13 19:57:32.539, 87, 1935, 81.71, 1175
2026/09/13 19:57:32.741, 87, 1935, 81.71, 1175
2026/09/13 19:57:32.945, 87, 1935, 81.71, 1175
2026/09/13 19:57:33.151, 85, 1680, 70.68, 1175
2026/09/13 19:57:33.353, 85, 1680, 70.68, 1175
2026/09/13 19:57:33.557, 88, 1785, 80.33, 1175
2026/09/13 19:57:33.762, 88, 1785, 80.33, 1175
2026/09/13 19:57:33.966, 88, 1785, 80.33, 1175
2026/09/13 19:57:34.169, 86, 1650, 74.03, 1175
2026/09/13 19:57:34.372, 86, 1650, 74.03, 1175
2026/09/13 19:57:34.574, 86, 1605, 67.21, 1175
2026/09/13 19:57:34.777, 86, 1605, 67.21, 1175
2026/09/13 19:57:34.992, 87, 1815, 74.95, 1175
2026/09/13 19:57:35.195, 87, 1815, 74.95, 1175
2026/09/13 19:57:35.398, 87, 1815, 74.95, 1175
2026/09/13 19:57:35.600, 86, 1965, 72.95, 1175
2026/09/13 19:57:35.803, 86, 1965, 72.95, 1175
2026/09/13 19:57:36.007, 86, 1605, 72.34, 1175
2026/09/13 19:57:36.211, 86, 1605, 72.34, 1175
2026/09/13 19:57:36.413, 86, 1605, 72.34, 1175
2026/09/13 19:57:36.616, 86, 1770, 72.97, 1175
2026/09/13 19:57:36.818, 86, 1770, 72.97, 1175
2026/09/13 19:57:37.034, 88, 1650, 74.02, 1175
2026/09/13 19:57:37.236, 88, 1650, 74.02, 1175
2026/09/13 19:57:37.439, 88, 1650, 74.02, 1175
2026/09/13 19:57:37.642, 86, 1755, 71.55, 1175
2026/09/13 19:57:37.848, 86, 1755, 71.55, 1175
2026/09/13 19:57:38.053, 84, 1605, 69.97, 1175
2026/09/13 19:57:38.257, 84, 1605, 69.97, 1175
2026/09/13 19:57:38.458, 84, 1605, 69.97, 1175
2026/09/13 19:57:38.660, 86, 1710, 72.24, 1175
2026/09/13 19:57:38.864, 86, 1710, 72.24, 1175
2026/09/13 19:57:39.068, 86, 1800, 71.00, 1175
2026/09/13 19:57:39.270, 86, 1800, 71.00, 1175
2026/09/13 19:57:39.476, 88, 1620, 76.34, 1175
2026/09/13 19:57:39.677, 88, 1620, 76.34, 1175
2026/09/13 19:57:39.880, 88, 1620, 76.34, 1175
2026/09/13 19:57:40.085, 87, 1725, 73.66, 1175
2026/09/13 19:57:40.287, 87, 1725, 73.66, 1175
2026/09/13 19:57:40.490, 86, 1650, 79.61, 1175
2026/09/13 19:57:40.694, 86, 1650, 79.61, 1175
2026/09/13 19:57:40.898, 86, 1650, 79.61, 1175
2026/09/13 19:57:41.102, 86, 1665, 68.83, 1175
2026/09/13 19:57:41.306, 86, 1665, 68.83, 1175
2026/09/13 19:57:41.509, 87, 1965, 76.62, 1175
2026/09/13 19:57:41.712, 87, 1965, 76.62, 1175
2026/09/13 19:57:41.915, 87, 1965, 76.62, 1175
2026/09/13 19:57:42.117, 86, 1710, 71.48, 1175
2026/09/13 19:57:42.321, 86, 1710, 71.48, 1175
2026/09/13 19:57:42.524, 86, 1605, 72.51, 1175
2026/09/13 19:57:42.728, 86, 1605, 72.51, 1175
2026/09/13 19:57:42.932, 86, 1605, 72.51, 1175
2026/09/13 19:57:43.137, 86, 1605, 72.57, 1175
2026/09/13 19:57:43.340, 86, 1605, 72.57, 1175
2026/09/13 19:57:43.541, 86, 1605, 71.81, 1175
2026/09/13 19:57:43.745, 86, 1605, 71.81, 1175
2026/09/13 19:57:43.949, 86, 1605, 71.81, 1175
2026/09/13 19:57:44.152, 87, 1605, 72.23, 1175
2026/09/13 19:57:44.353, 87, 1605, 72.23, 1175
2026/09/13 19:57:44.554, 87, 1605, 72.84, 1175
2026/09/13 19:57:44.756, 87, 1605, 72.84, 1175
2026/09/13 19:57:44.960, 87, 1605, 72.84, 1175
2026/09/13 19:57:45.163, 86, 1605, 72.38, 1175
2026/09/13 19:57:45.367, 86, 1605, 72.38, 1175
2026/09/13 19:57:45.568, 86, 1605, 72.89, 1175
2026/09/13 19:57:45.770, 86, 1605, 72.89, 1175
2026/09/13 19:57:45.973, 86, 1605, 72.89, 1175
2026/09/13 19:57:46.176, 78, 2490, 25.37, 1175
2026/09/13 19:57:46.381, 78, 2490, 25.37, 1175
2026/09/13 19:57:46.584, 93, 2055, 96.35, 1175
2026/09/13 19:57:46.787, 93, 2055, 96.35, 1175
2026/09/13 19:57:46.992, 86, 1650, 67.36, 1175
2026/09/13 19:57:47.196, 86, 1650, 67.36, 1175
2026/09/13 19:57:47.400, 86, 1650, 67.36, 1175
2026/09/13 19:57:47.603, 87, 1695, 77.11, 1175
2026/09/13 19:57:47.810, 87, 1695, 77.11, 1175
2026/09/13 19:57:48.010, 89, 1725, 85.80, 1175
2026/09/13 19:57:48.214, 89, 1725, 85.80, 1175
2026/09/13 19:57:48.417, 89, 1725, 85.80, 1175
2026/09/13 19:57:48.622, 85, 1665, 67.04, 1175
2026/09/13 19:57:48.836, 85, 1665, 67.04, 1175
2026/09/13 19:57:49.041, 86, 1950, 69.17, 1175
2026/09/13 19:57:49.245, 86, 1950, 69.17, 1175
2026/09/13 19:57:49.450, 86, 1950, 69.17, 1175
2026/09/13 19:57:49.654, 88, 1815, 73.54, 1175
2026/09/13 19:57:49.857, 88, 1815, 73.54, 1175
2026/09/13 19:57:50.059, 87, 1725, 71.06, 1175
2026/09/13 19:57:50.262, 87, 1725, 71.06, 1175
2026/09/13 19:57:50.464, 87, 1725, 71.06, 1175
2026/09/13 19:57:50.668, 88, 1605, 72.41, 1175
2026/09/13 19:57:50.871, 88, 1605, 72.41, 1175
2026/09/13 19:57:51.073, 88, 1890, 81.11, 1175
2026/09/13 19:57:51.277, 88, 1890, 81.11, 1175
2026/09/13 19:57:51.481, 84, 1740, 71.75, 1175
2026/09/13 19:57:51.685, 84, 1740, 71.75, 1175
2026/09/13 19:57:51.887, 84, 1740, 71.75, 1175
2026/09/13 19:57:52.088, 87, 1845, 76.80, 1175
2026/09/13 19:57:52.290, 87, 1845, 76.80, 1175
2026/09/13 19:57:52.493, 86, 1740, 71.68, 1175
2026/09/13 19:57:52.698, 86, 1740, 71.68, 1175
2026/09/13 19:57:52.902, 86, 1740, 71.68, 1175
2026/09/13 19:57:53.104, 87, 1635, 71.77, 1175
2026/09/13 19:57:53.308, 87, 1635, 71.77, 1175
2026/09/13 19:57:53.513, 88, 1635, 77.00, 1175
2026/09/13 19:57:53.714, 88, 1635, 77.00, 1175
2026/09/13 19:57:53.916, 88, 1635, 77.00, 1175
2026/09/13 19:57:54.119, 84, 1605, 70.48, 1175
2026/09/13 19:57:54.321, 84, 1605, 70.48, 1175
2026/09/13 19:57:54.525, 86, 1740, 69.15, 1175
2026/09/13 19:57:54.729, 86, 1740, 69.15, 1175
2026/09/13 19:57:54.931, 86, 1740, 69.15, 1175
2026/09/13 19:57:55.135, 87, 1815, 67.09, 1175
2026/09/13 19:57:55.340, 87, 1815, 67.09, 1175
2026/09/13 19:57:55.542, 87, 1695, 72.37, 1175
2026/09/13 19:57:55.748, 87, 1695, 72.37, 1175
2026/09/13 19:57:55.952, 87, 1695, 72.37, 1175
2026/09/13 19:57:56.152, 87, 1740, 71.17, 1175
2026/09/13 19:57:56.356, 87, 1740, 71.17, 1175
2026/09/13 19:57:56.559, 85, 1605, 72.00, 1175
2026/09/13 19:57:56.761, 85, 1605, 72.00, 1175
2026/09/13 19:57:56.963, 85, 1605, 72.00, 1175
2026/09/13 19:57:57.166, 86, 1755, 72.38, 1175
2026/09/13 19:57:57.369, 86, 1755, 72.38, 1175
2026/09/13 19:57:57.570, 87, 1740, 64.85, 1175
2026/09/13 19:57:57.774, 87, 1740, 64.85, 1175
2026/09/13 19:57:57.976, 86, 1605, 65.09, 1175
2026/09/13 19:57:58.177, 86, 1605, 65.09, 1175
2026/09/13 19:57:58.382, 86, 1605, 65.09, 1175
2026/09/13 19:57:58.587, 86, 1680, 68.14, 1175
2026/09/13 19:57:58.792, 86, 1680, 68.14, 1175
2026/09/13 19:57:58.994, 86, 1740, 71.61, 1175
2026/09/13 19:57:59.198, 86, 1740, 71.61, 1175
2026/09/13 19:57:59.402, 86, 1740, 71.61, 1175
2026/09/13 19:57:59.608, 85, 1605, 65.08, 1175
2026/09/13 19:57:59.811, 85, 1605, 65.08, 1175
2026/09/13 19:58:00.013, 86, 1770, 74.51, 1175
2026/09/13 19:58:00.218, 86, 1770, 74.51, 1175
2026/09/13 19:58:00.419, 86, 1770, 74.51, 1175
2026/09/13 19:58:00.623, 88, 1605, 77.11, 1175
2026/09/13 19:58:00.825, 88, 1605, 77.11, 1175
2026/09/13 19:58:01.028, 86, 1740, 72.40, 1175
2026/09/13 19:58:01.230, 86, 1740, 72.40, 1175
2026/09/13 19:58:01.432, 86, 1740, 72.40, 1175
2026/09/13 19:58:01.635, 85, 1650, 74.87, 1175
2026/09/13 19:58:01.837, 85, 1650, 74.87, 1175
2026/09/13 19:58:02.039, 86, 1740, 69.75, 1175
2026/09/13 19:58:02.240, 86, 1740, 69.75, 1175
2026/09/13 19:58:02.445, 86, 1740, 69.75, 1175
2026/09/13 19:58:02.647, 85, 1635, 61.37, 1175
2026/09/13 19:58:02.850, 85, 1635, 61.37, 1175
2026/09/13 19:58:03.053, 88, 1620, 74.20, 1175
2026/09/13 19:58:03.258, 88, 1620, 74.20, 1175
2026/09/13 19:58:03.459, 88, 1620, 74.20, 1175
2026/09/13 19:58:03.662, 86, 1605, 65.52, 1175
2026/09/13 19:58:03.864, 86, 1605, 65.52, 1175
2026/09/13 19:58:04.067, 85, 1605, 68.28, 1175
2026/09/13 19:58:04.269, 85, 1605, 68.28, 1175
2026/09/13 19:58:04.472, 85, 1605, 68.28, 1175
2026/09/13 19:58:04.675, 93, 2355, 104.00, 1175
2026/09/13 19:58:04.880, 93, 2355, 104.00, 1175
2026/09/13 19:58:05.085, 89, 1665, 55.91, 1175
2026/09/13 19:58:05.287, 89, 1665, 55.91, 1175
2026/09/13 19:58:05.489, 87, 1605, 69.77, 1175
2026/09/13 19:58:05.695, 87, 1605, 69.77, 1175
2026/09/13 19:58:05.897, 87, 1605, 69.77, 1175
2026/09/13 19:58:06.100, 86, 1665, 69.78, 1175
2026/09/13 19:58:06.302, 86, 1665, 69.78, 1175
2026/09/13 19:58:06.504, 85, 1605, 70.16, 1175
2026/09/13 19:58:06.710, 85, 1605, 70.16, 1175
2026/09/13 19:58:06.911, 85, 1605, 70.16, 1175
2026/09/13 19:58:07.115, 86, 1710, 69.64, 1175
2026/09/13 19:58:07.319, 86, 1710, 69.64, 1175
2026/09/13 19:58:07.523, 86, 1785, 71.58, 1175
2026/09/13 19:58:07.725, 86, 1785, 71.58, 1175
2026/09/13 19:58:07.928, 86, 1785, 71.58, 1175
2026/09/13 19:58:08.130, 88, 1605, 70.44, 1175
2026/09/13 19:58:08.336, 88, 1605, 70.44, 1175
2026/09/13 19:58:08.539, 87, 1755, 71.01, 1175
2026/09/13 19:58:08.741, 87, 1755, 71.01, 1175
2026/09/13 19:58:08.946, 87, 1755, 71.01, 1175
2026/09/13 19:58:09.151, 85, 1620, 75.38, 1175
2026/09/13 19:58:09.355, 85, 1620, 75.38, 1175
2026/09/13 19:58:09.560, 87, 1740, 72.46, 1175
2026/09/13 19:58:09.765, 87, 1740, 72.46, 1175
2026/09/13 19:58:09.967, 87, 1740, 72.46, 1175
2026/09/13 19:58:10.171, 86, 1665, 65.49, 1175
2026/09/13 19:58:10.374, 86, 1665, 65.49, 1175
2026/09/13 19:58:10.588, 88, 1605, 65.39, 1175
2026/09/13 19:58:10.793, 88, 1605, 65.39, 1175
2026/09/13 19:58:10.995, 85, 1605, 65.23, 1175
2026/09/13 19:58:11.196, 85, 1605, 65.23, 1175
2026/09/13 19:58:11.399, 85, 1605, 65.23, 1175
2026/09/13 19:58:11.601, 85, 1635, 83.96, 1175
2026/09/13 19:58:11.804, 85, 1635, 83.96, 1175
2026/09/13 19:58:12.008, 85, 1635, 70.16, 1175
2026/09/13 19:58:12.212, 85, 1635, 70.16, 1175
2026/09/13 19:58:12.416, 85, 1635, 70.16, 1175
2026/09/13 19:58:12.619, 86, 1680, 67.37, 1175
2026/09/13 19:58:12.821, 86, 1680, 67.37, 1175
2026/09/13 19:58:13.024, 88, 1650, 83.84, 1175
2026/09/13 19:58:13.226, 88, 1650, 83.84, 1175
2026/09/13 19:58:13.431, 88, 1650, 83.84, 1175
2026/09/13 19:58:13.634, 91, 2265, 91.66, 1175
2026/09/13 19:58:13.836, 91, 2265, 91.66, 1175
2026/09/13 19:58:14.038, 92, 2340, 85.23, 1175
2026/09/13 19:58:14.242, 92, 2340, 85.23, 1175
2026/09/13 19:58:14.446, 92, 2340, 85.23, 1175
2026/09/13 19:58:14.652, 88, 1605, 69.20, 1175
2026/09/13 19:58:14.855, 88, 1605, 69.20, 1175
2026/09/13 19:58:15.058, 85, 1635, 64.84, 1175
2026/09/13 19:58:15.273, 85, 1635, 64.84, 1175
2026/09/13 19:58:15.479, 85, 1605, 69.04, 1175
2026/09/13 19:58:15.683, 85, 1605, 69.04, 1175
2026/09/13 19:58:15.887, 85, 1605, 69.04, 1175
2026/09/13 19:58:16.091, 86, 1605, 73.02, 1175
2026/09/13 19:58:16.294, 86, 1605, 73.02, 1175
2026/09/13 19:58:16.498, 86, 1650, 70.49, 1175
2026/09/13 19:58:16.703, 86, 1650, 70.49, 1175
2026/09/13 19:58:16.907, 86, 1650, 70.49, 1175
2026/09/13 19:58:17.122, 88, 1605, 69.85, 1175
2026/09/13 19:58:17.327, 88, 1605, 69.85, 1175
2026/09/13 19:58:17.531, 86, 1725, 69.25, 1175
2026/09/13 19:58:17.732, 86, 1725, 69.25, 1175
2026/09/13 19:58:17.934, 86, 1725, 69.25, 1175
2026/09/13 19:58:18.137, 87, 1620, 72.71, 1175
2026/09/13 19:58:18.341, 87, 1620, 72.71, 1175
2026/09/13 19:58:18.546, 86, 1605, 69.52, 1175
2026/09/13 19:58:18.751, 86, 1605, 69.52, 1175
2026/09/13 19:58:18.954, 86, 1605, 69.52, 1175
2026/09/13 19:58:19.159, 87, 1740, 70.64, 1175
2026/09/13 19:58:19.360, 87, 1740, 70.64, 1175
2026/09/13 19:58:19.562, 90, 1755, 85.61, 1175
2026/09/13 19:58:19.764, 90, 1755, 85.61, 1175
2026/09/13 19:58:19.967, 90, 1755, 85.61, 1175
2026/09/13 19:58:20.170, 87, 1635, 67.86, 1175
2026/09/13 19:58:20.373, 87, 1635, 67.86, 1175
2026/09/13 19:58:20.575, 86, 1605, 69.72, 1175
2026/09/13 19:58:20.779, 86, 1605, 69.72, 1175
2026/09/13 19:58:20.980, 86, 1620, 65.14, 1175
2026/09/13 19:58:21.183, 86, 1620, 65.14, 1175
2026/09/13 19:58:21.389, 86, 1620, 65.14, 1175
2026/09/13 19:58:21.592, 85, 1605, 65.00, 1175
2026/09/13 19:58:21.794, 85, 1605, 65.00, 1175
2026/09/13 19:58:21.996, 87, 1605, 75.67, 1175
2026/09/13 19:58:22.197, 87, 1605, 75.67, 1175
2026/09/13 19:58:22.399, 87, 1605, 75.67, 1175
2026/09/13 19:58:22.603, 87, 1785, 74.52, 1175
2026/09/13 19:58:22.807, 87, 1785, 74.52, 1175
2026/09/13 19:58:23.011, 86, 1740, 75.62, 1175
2026/09/13 19:58:23.214, 86, 1740, 75.62, 1175
2026/09/13 19:58:23.417, 86, 1740, 75.62, 1175
2026/09/13 19:58:23.620, 87, 1665, 67.33, 1175
2026/09/13 19:58:23.825, 87, 1665, 67.33, 1175
2026/09/13 19:58:24.028, 87, 1725, 74.81, 1175
2026/09/13 19:58:24.231, 87, 1725, 74.81, 1175
2026/09/13 19:58:24.432, 87, 1725, 74.81, 1175
2026/09/13 19:58:24.635, 87, 1605, 70.35, 1175
2026/09/13 19:58:24.839, 87, 1605, 70.35, 1175
2026/09/13 19:58:25.043, 86, 1605, 67.26, 1175
2026/09/13 19:58:25.246, 86, 1605, 67.26, 1175
2026/09/13 19:58:25.449, 86, 1605, 67.26, 1175
2026/09/13 19:58:25.652, 85, 1890, 69.88, 1175
2026/09/13 19:58:25.855, 85, 1890, 69.88, 1175
2026/09/13 19:58:26.056, 87, 1680, 68.29, 1175
2026/09/13 19:58:26.261, 87, 1680, 68.29, 1175
2026/09/13 19:58:26.464, 87, 1680, 68.29, 1175
2026/09/13 19:58:26.668, 86, 1605, 65.38, 1175
2026/09/13 19:58:26.874, 86, 1605, 65.38, 1175
2026/09/13 19:58:27.077, 85, 1605, 74.77, 1175
2026/09/13 19:58:27.280, 85, 1605, 74.77, 1175
2026/09/13 19:58:27.484, 86, 1665, 66.09, 1175
2026/09/13 19:58:27.689, 86, 1665, 66.09, 1175
2026/09/13 19:58:27.893, 86, 1665, 66.09, 1175
2026/09/13 19:58:28.096, 87, 1740, 69.17, 1175
2026/09/13 19:58:28.302, 87, 1740, 69.17, 1175
2026/09/13 19:58:28.516, 89, 1650, 74.02, 1175
2026/09/13 19:58:28.719, 89, 1650, 74.02, 1175
2026/09/13 19:58:28.923, 89, 1650, 74.02, 1175
2026/09/13 19:58:29.125, 86, 1665, 68.68, 1175
2026/09/13 19:58:29.326, 86, 1665, 68.68, 1175
2026/09/13 19:58:29.528, 88, 1635, 80.45, 1175
2026/09/13 19:58:29.732, 88, 1635, 80.45, 1175
2026/09/13 19:58:29.933, 88, 1635, 80.45, 1175
2026/09/13 19:58:30.137, 86, 1605, 69.94, 1175
2026/09/13 19:58:30.341, 86, 1605, 69.94, 1175
2026/09/13 19:58:30.544, 86, 1650, 64.93, 1175
2026/09/13 19:58:30.747, 86, 1650, 64.93, 1175
2026/09/13 19:58:30.949, 86, 1650, 64.93, 1175
2026/09/13 19:58:31.153, 87, 1725, 71.43, 1175
2026/09/13 19:58:31.355, 87, 1725, 71.43, 1175
2026/09/13 19:58:31.555, 87, 1725, 69.97, 1175
2026/09/13 19:58:31.759, 87, 1725, 69.97, 1175
2026/09/13 19:58:31.962, 87, 1725, 69.97, 1175
2026/09/13 19:58:32.165, 84, 1605, 68.79, 1175
2026/09/13 19:58:32.371, 84, 1605, 68.79, 1175
2026/09/13 19:58:32.573, 86, 1620, 63.42, 1175
2026/09/13 19:58:32.775, 86, 1620, 63.42, 1175
2026/09/13 19:58:32.978, 85, 1605, 67.91, 1175
2026/09/13 19:58:33.179, 85, 1605, 67.91, 1175
2026/09/13 19:58:33.383, 85, 1605, 67.91, 1175
2026/09/13 19:58:33.588, 87, 1605, 68.75, 1175
2026/09/13 19:58:33.793, 87, 1605, 68.75, 1175
2026/09/13 19:58:33.995, 86, 1725, 69.69, 1175
2026/09/13 19:58:34.200, 86, 1725, 69.69, 1175
2026/09/13 19:58:34.405, 86, 1725, 69.69, 1175
2026/09/13 19:58:34.607, 87, 1620, 71.75, 1175
2026/09/13 19:58:34.808, 87, 1620, 71.75, 1175
2026/09/13 19:58:35.010, 88, 1770, 71.54, 1175
2026/09/13 19:58:35.213, 88, 1770, 71.54, 1175
2026/09/13 19:58:35.415, 88, 1770, 71.54, 1175
2026/09/13 19:58:35.618, 88, 1710, 73.77, 1175
2026/09/13 19:58:35.823, 88, 1710, 73.77, 1175
2026/09/13 19:58:36.024, 87, 1605, 74.03, 1175
2026/09/13 19:58:36.228, 87, 1605, 74.03, 1175
2026/09/13 19:58:36.431, 87, 1605, 74.03, 1175
2026/09/13 19:58:36.634, 87, 1605, 73.43, 1175
2026/09/13 19:58:36.835, 87, 1605, 73.43, 1175
2026/09/13 19:58:37.037, 85, 1815, 68.72, 1175
2026/09/13 19:58:37.241, 85, 1815, 68.72, 1175
2026/09/13 19:58:37.445, 85, 1815, 68.72, 1175
2026/09/13 19:58:37.651, 87, 1695, 70.75, 1175
2026/09/13 19:58:37.855, 87, 1695, 70.75, 1175
2026/09/13 19:58:38.057, 85, 1665, 68.55, 1175
2026/09/13 19:58:38.261, 85, 1665, 68.55, 1175
2026/09/13 19:58:38.467, 85, 1665, 68.55, 1175
2026/09/13 19:58:38.670, 88, 1635, 76.41, 1175
2026/09/13 19:58:38.873, 88, 1635, 76.41, 1175
2026/09/13 19:58:39.077, 86, 1620, 67.79, 1175
2026/09/13 19:58:39.281, 86, 1620, 67.79, 1175
2026/09/13 19:58:39.485, 87, 1860, 76.36, 1175
2026/09/13 19:58:39.687, 87, 1860, 76.36, 1175
2026/09/13 19:58:39.888, 87, 1860, 76.36, 1175
2026/09/13 19:58:40.091, 87, 1740, 69.68, 1175
2026/09/13 19:58:40.294, 87, 1740, 69.68, 1175
2026/09/13 19:58:40.498, 86, 1605, 65.12, 1175
2026/09/13 19:58:40.700, 86, 1605, 65.12, 1175
2026/09/13 19:58:40.903, 86, 1605, 65.12, 1175
2026/09/13 19:58:41.106, 88, 1650, 72.91, 1175
2026/09/13 19:58:41.309, 88, 1650, 72.91, 1175
2026/09/13 19:58:41.513, 87, 1695, 72.35, 1175
2026/09/13 19:58:41.716, 87, 1695, 72.35, 1175
2026/09/13 19:58:41.920, 87, 1695, 72.35, 1175
2026/09/13 19:58:42.122, 86, 1605, 55.77, 1175
2026/09/13 19:58:42.324, 86, 1605, 55.77, 1175
2026/09/13 19:58:42.527, 87, 1770, 71.07, 1175
2026/09/13 19:58:42.732, 87, 1770, 71.07, 1175
2026/09/13 19:58:42.935, 87, 1770, 71.07, 1175
2026/09/13 19:58:43.137, 87, 1665, 71.52, 1175
2026/09/13 19:58:43.341, 87, 1665, 71.52, 1175
2026/09/13 19:58:43.544, 87, 1695, 77.07, 1175
2026/09/13 19:58:43.746, 87, 1695, 77.07, 1175
2026/09/13 19:58:43.949, 87, 1695, 77.07, 1175
2026/09/13 19:58:44.152, 87, 1800, 74.04, 1175
2026/09/13 19:58:44.353, 87, 1800, 74.04, 1175
2026/09/13 19:58:44.557, 87, 1605, 83.68, 1175
2026/09/13 19:58:44.760, 87, 1605, 83.68, 1175
2026/09/13 19:58:44.961, 87, 1605, 83.68, 1175
2026/09/13 19:58:45.166, 86, 1635, 70.51, 1175
2026/09/13 19:58:45.369, 86, 1635, 70.51, 1175
2026/09/13 19:58:45.572, 87, 1650, 71.17, 1175
2026/09/13 19:58:45.776, 87, 1650, 71.17, 1175
2026/09/13 19:58:45.982, 87, 1650, 71.17, 1175
2026/09/13 19:58:46.187, 85, 1605, 69.16, 1175
2026/09/13 19:58:46.391, 85, 1605, 69.16, 1175
2026/09/13 19:58:46.596, 86, 1740, 69.73, 1175
2026/09/13 19:58:46.800, 86, 1740, 69.73, 1175
2026/09/13 19:58:47.004, 88, 1860, 72.76, 1175
2026/09/13 19:58:47.207, 88, 1860, 72.76, 1175
2026/09/13 19:58:47.408, 88, 1860, 72.76, 1175
2026/09/13 19:58:47.611, 87, 1665, 69.71, 1175
2026/09/13 19:58:47.812, 87, 1665, 69.71, 1175
2026/09/13 19:58:48.012, 88, 1620, 71.17, 1175
2026/09/13 19:58:48.215, 88, 1620, 71.17, 1175
2026/09/13 19:58:48.419, 88, 1620, 71.17, 1175
2026/09/13 19:58:48.620, 86, 1605, 71.17, 1175
2026/09/13 19:58:48.825, 86, 1605, 71.17, 1175
2026/09/13 19:58:49.027, 86, 1710, 69.31, 1175
2026/09/13 19:58:49.229, 86, 1710, 69.31, 1175
2026/09/13 19:58:49.432, 86, 1710, 69.31, 1175
2026/09/13 19:58:49.635, 87, 1815, 65.83, 1175
2026/09/13 19:58:49.838, 87, 1815, 65.83, 1175
2026/09/13 19:58:50.042, 87, 1605, 69.57, 1175
2026/09/13 19:58:50.245, 87, 1605, 69.57, 1175
2026/09/13 19:58:50.445, 87, 1605, 69.57, 1175
2026/09/13 19:58:50.649, 86, 1605, 66.26, 1175
2026/09/13 19:58:50.852, 86, 1605, 66.26, 1175
2026/09/13 19:58:51.054, 86, 1695, 72.68, 1175
2026/09/13 19:58:51.257, 86, 1695, 72.68, 1175
2026/09/13 19:58:51.461, 86, 1695, 72.68, 1175
2026/09/13 19:58:51.666, 87, 1650, 70.36, 1175
2026/09/13 19:58:51.870, 87, 1650, 70.36, 1175
2026/09/13 19:58:52.074, 86, 1665, 68.80, 1175
2026/09/13 19:58:52.278, 86, 1665, 68.80, 1175
2026/09/13 19:58:52.480, 88, 1695, 78.87, 1175
2026/09/13 19:58:52.685, 88, 1695, 78.87, 1175
2026/09/13 19:58:52.889, 88, 1695, 78.87, 1175
2026/09/13 19:58:53.094, 86, 1650, 70.96, 1175
2026/09/13 19:58:53.297, 86, 1650, 70.96, 1175
2026/09/13 19:58:53.502, 87, 1650, 73.78, 1175
2026/09/13 19:58:53.706, 87, 1650, 73.78, 1175
2026/09/13 19:58:53.910, 87, 1650, 73.78, 1175
2026/09/13 19:58:54.115, 88, 1890, 78.32, 1175
2026/09/13 19:58:54.319, 88, 1890, 78.32, 1175
2026/09/13 19:58:54.522, 87, 1680, 69.82, 1175
2026/09/13 19:58:54.727, 87, 1680, 69.82, 1175
2026/09/13 19:58:54.930, 87, 1680, 69.82, 1175
2026/09/13 19:58:55.134, 88, 1605, 70.44, 1175
2026/09/13 19:58:55.338, 88, 1605, 70.44, 1175
2026/09/13 19:58:55.539, 87, 1725, 71.34, 1175
2026/09/13 19:58:55.741, 87, 1725, 71.34, 1175
2026/09/13 19:58:55.944, 87, 1725, 71.34, 1175
2026/09/13 19:58:56.147, 88, 1770, 67.23, 1175
2026/09/13 19:58:56.352, 88, 1770, 67.23, 1175
2026/09/13 19:58:56.554, 87, 1695, 70.54, 1175
2026/09/13 19:58:56.757, 87, 1695, 70.54, 1175
2026/09/13 19:58:56.961, 87, 1695, 70.54, 1175
2026/09/13 19:58:57.166, 88, 1605, 73.53, 1175
2026/09/13 19:58:57.369, 88, 1605, 73.53, 1175
2026/09/13 19:58:57.573, 87, 1605, 70.01, 1175
2026/09/13 19:58:57.777, 87, 1605, 70.01, 1175
2026/09/13 19:58:57.982, 87, 1605, 75.54, 1175
2026/09/13 19:58:58.186, 87, 1605, 75.54, 1175
2026/09/13 19:58:58.389, 87, 1605, 75.54, 1175
2026/09/13 19:58:58.593, 86, 1605, 65.63, 1175
2026/09/13 19:58:58.796, 86, 1605, 65.63, 1175
2026/09/13 19:58:58.997, 88, 1605, 68.12, 1175
2026/09/13 19:58:59.201, 88, 1605, 68.12, 1175
2026/09/13 19:58:59.403, 88, 1605, 68.12, 1175
2026/09/13 19:58:59.607, 86, 1605, 65.81, 1175
2026/09/13 19:58:59.812, 86, 1605, 65.81, 1175
2026/09/13 19:59:00.016, 85, 1605, 74.43, 1175
2026/09/13 19:59:00.219, 85, 1605, 74.43, 1175
2026/09/13 19:59:00.422, 85, 1605, 74.43, 1175
2026/09/13 19:59:00.625, 86, 1620, 67.96, 1175
2026/09/13 19:59:00.829, 86, 1620, 67.96, 1175
2026/09/13 19:59:01.033, 87, 1725, 70.60, 1175
2026/09/13 19:59:01.235, 87, 1725, 70.60, 1175
2026/09/13 19:59:01.438, 87, 1725, 70.60, 1175
2026/09/13 19:59:01.642, 88, 1650, 72.38, 1175
2026/09/13 19:59:01.847, 88, 1650, 72.38, 1175
2026/09/13 19:59:02.048, 86, 1620, 68.99, 1175
2026/09/13 19:59:02.251, 86, 1620, 68.99, 1175
2026/09/13 19:59:02.453, 86, 1620, 68.99, 1175
2026/09/13 19:59:02.656, 88, 1665, 78.69, 1175
2026/09/13 19:59:02.861, 88, 1665, 78.69, 1175
2026/09/13 19:59:03.066, 87, 1830, 72.74, 1175
2026/09/13 19:59:03.269, 87, 1830, 72.74, 1175
2026/09/13 19:59:03.470, 87, 1830, 72.74, 1175
2026/09/13 19:59:03.673, 87, 1665, 66.56, 1175
2026/09/13 19:59:03.877, 87, 1665, 66.56, 1175
2026/09/13 19:59:04.078, 87, 1605, 70.58, 1175
2026/09/13 19:59:04.280, 87, 1605, 70.58, 1175
2026/09/13 19:59:04.482, 86, 1605, 67.59, 1175
2026/09/13 19:59:04.687, 86, 1605, 67.59, 1175
2026/09/13 19:59:04.891, 86, 1605, 67.59, 1175
2026/09/13 19:59:05.094, 87, 1725, 62.43, 1175
2026/09/13 19:59:05.299, 87, 1725, 62.43, 1175
2026/09/13 19:59:05.502, 86, 1605, 69.86, 1175
2026/09/13 19:59:05.706, 86, 1605, 69.86, 1175
2026/09/13 19:59:05.910, 86, 1605, 69.86, 1175
2026/09/13 19:59:06.112, 87, 1695, 75.34, 1175
2026/09/13 19:59:06.316, 87, 1695, 75.34, 1175
2026/09/13 19:59:06.519, 87, 1605, 68.62, 1175
2026/09/13 19:59:06.724, 87, 1605, 68.62, 1175
2026/09/13 19:59:06.927, 87, 1605, 68.62, 1175
2026/09/13 19:59:07.130, 86, 1650, 66.18, 1175
2026/09/13 19:59:07.335, 86, 1650, 66.18, 1175
2026/09/13 19:59:07.537, 87, 1785, 82.32, 1175
2026/09/13 19:59:07.740, 87, 1785, 82.32, 1175
2026/09/13 19:59:07.941, 87, 1785, 82.32, 1175
2026/09/13 19:59:08.144, 86, 1605, 69.07, 1175
2026/09/13 19:59:08.346, 86, 1605, 69.07, 1175
2026/09/13 19:59:08.550, 86, 1695, 69.39, 1175
2026/09/13 19:59:08.753, 86, 1695, 69.39, 1175
2026/09/13 19:59:08.955, 86, 1695, 69.39, 1175
2026/09/13 19:59:09.157, 87, 1605, 72.22, 1175
2026/09/13 19:59:09.359, 87, 1605, 72.22, 1175
2026/09/13 19:59:09.575, 86, 1605, 66.79, 1175
2026/09/13 19:59:09.779, 86, 1605, 66.79, 1175
2026/09/13 19:59:09.980, 85, 1605, 66.31, 1175
2026/09/13 19:59:10.182, 85, 1605, 66.31, 1175
2026/09/13 19:59:10.385, 85, 1605, 66.31, 1175
2026/09/13 19:59:10.588, 87, 1605, 79.55, 1175
2026/09/13 19:59:10.790, 87, 1605, 79.55, 1175
2026/09/13 19:59:10.991, 86, 1605, 64.36, 1175
2026/09/13 19:59:11.195, 86, 1605, 64.36, 1175
2026/09/13 19:59:11.398, 86, 1605, 64.36, 1175
2026/09/13 19:59:11.600, 86, 1800, 65.88, 1175
2026/09/13 19:59:11.804, 86, 1800, 65.88, 1175
2026/09/13 19:59:12.008, 86, 1605, 73.46, 1175
2026/09/13 19:59:12.212, 86, 1605, 73.46, 1175
2026/09/13 19:59:12.413, 86, 1605, 73.46, 1175
2026/09/13 19:59:12.617, 88, 1605, 76.01, 1175
2026/09/13 19:59:12.820, 88, 1605, 76.01, 1175
2026/09/13 19:59:13.023, 88, 1605, 69.21, 1175
2026/09/13 19:59:13.227, 88, 1605, 69.21, 1175
2026/09/13 19:59:13.431, 88, 1605, 69.21, 1175
2026/09/13 19:59:13.634, 87, 1665, 71.28, 1175
2026/09/13 19:59:13.836, 87, 1665, 71.28, 1175
2026/09/13 19:59:14.039, 85, 1620, 67.01, 1175
2026/09/13 19:59:14.243, 85, 1620, 67.01, 1175
2026/09/13 19:59:14.448, 85, 1620, 67.01, 1175
2026/09/13 19:59:14.652, 86, 1605, 74.40, 1175
2026/09/13 19:59:14.855, 86, 1605, 74.40, 1175
2026/09/13 19:59:15.058, 87, 1665, 72.93, 1175
2026/09/13 19:59:15.263, 87, 1665, 72.93, 1175
2026/09/13 19:59:15.465, 87, 1665, 72.93, 1175
2026/09/13 19:59:15.669, 88, 1605, 71.35, 1175
2026/09/13 19:59:15.874, 88, 1605, 71.35, 1175
2026/09/13 19:59:16.077, 86, 1695, 70.69, 1175
2026/09/13 19:59:16.279, 86, 1695, 70.69, 1175
2026/09/13 19:59:16.482, 86, 1650, 68.74, 1175
2026/09/13 19:59:16.684, 86, 1650, 68.74, 1175
2026/09/13 19:59:16.886, 86, 1650, 68.74, 1175
2026/09/13 19:59:17.091, 87, 1605, 74.68, 1175
2026/09/13 19:59:17.294, 87, 1605, 74.68, 1175
2026/09/13 19:59:17.495, 86, 1605, 68.54, 1175
2026/09/13 19:59:17.698, 86, 1605, 68.54, 1175
2026/09/13 19:59:17.900, 86, 1605, 68.54, 1175
2026/09/13 19:59:18.104, 87, 1695, 56.17, 1175
2026/09/13 19:59:18.309, 87, 1695, 56.17, 1175
2026/09/13 19:59:18.510, 86, 1605, 68.73, 1175
2026/09/13 19:59:18.713, 86, 1605, 68.73, 1175
2026/09/13 19:59:18.915, 86, 1605, 68.73, 1175
2026/09/13 19:59:19.119, 86, 1620, 67.39, 1175
2026/09/13 19:59:19.323, 86, 1620, 67.39, 1175
2026/09/13 19:59:19.526, 88, 1605, 71.96, 1175
2026/09/13 19:59:19.727, 88, 1605, 71.96, 1175
2026/09/13 19:59:19.930, 88, 1605, 71.96, 1175
2026/09/13 19:59:20.134, 87, 1740, 70.18, 1175
2026/09/13 19:59:20.336, 87, 1740, 70.18, 1175
2026/09/13 19:59:20.539, 84, 1605, 69.35, 1175
2026/09/13 19:59:20.741, 84, 1605, 69.35, 1175
2026/09/13 19:59:20.944, 84, 1605, 69.35, 1175
2026/09/13 19:59:21.148, 86, 1605, 74.82, 1175
2026/09/13 19:59:21.353, 86, 1605, 74.82, 1175
2026/09/13 19:59:21.556, 88, 1830, 72.70, 1175
2026/09/13 19:59:21.761, 88, 1830, 72.70, 1175
2026/09/13 19:59:21.965, 88, 1830, 72.70, 1175
2026/09/13 19:59:22.168, 87, 1740, 69.95, 1175
2026/09/13 19:59:22.371, 87, 1740, 69.95, 1175
2026/09/13 19:59:22.574, 86, 1725, 71.29, 1175
2026/09/13 19:59:22.778, 86, 1725, 71.29, 1175
2026/09/13 19:59:22.981, 86, 1605, 65.45, 1175
2026/09/13 19:59:23.182, 86, 1605, 65.45, 1175
2026/09/13 19:59:23.387, 86, 1605, 65.45, 1175
2026/09/13 19:59:23.591, 87, 1605, 73.31, 1175
2026/09/13 19:59:23.795, 87, 1605, 73.31, 1175
2026/09/13 19:59:23.997, 86, 1605, 68.69, 1175
2026/09/13 19:59:24.200, 86, 1605, 68.69, 1175
2026/09/13 19:59:24.404, 86, 1605, 68.69, 1175
2026/09/13 19:59:24.620, 85, 1605, 67.26, 1175
2026/09/13 19:59:24.825, 85, 1605, 67.26, 1175
2026/09/13 19:59:25.029, 87, 1605, 68.37, 1175
2026/09/13 19:59:25.235, 87, 1605, 68.37, 1175
2026/09/13 19:59:25.438, 87, 1605, 68.37, 1175
2026/09/13 19:59:25.641, 86, 1695, 69.47, 1175
2026/09/13 19:59:25.844, 86, 1695, 69.47, 1175
2026/09/13 19:59:26.047, 88, 1800, 69.19, 1175
2026/09/13 19:59:26.251, 88, 1800, 69.19, 1175
2026/09/13 19:59:26.454, 88, 1800, 69.19, 1175
2026/09/13 19:59:26.657, 87, 1650, 71.89, 1175
2026/09/13 19:59:26.863, 87, 1650, 71.89, 1175
2026/09/13 19:59:27.065, 87, 1665, 66.74, 1175
2026/09/13 19:59:27.266, 87, 1665, 66.74, 1175
2026/09/13 19:59:27.468, 87, 1665, 66.74, 1175
2026/09/13 19:59:27.674, 87, 1605, 72.63, 1175
2026/09/13 19:59:27.877, 87, 1605, 72.63, 1175
2026/09/13 19:59:28.082, 86, 1605, 64.90, 1175
2026/09/13 19:59:28.285, 86, 1605, 64.90, 1175
2026/09/13 19:59:28.491, 86, 1605, 64.94, 1175
2026/09/13 19:59:28.693, 86, 1605, 64.94, 1175
2026/09/13 19:59:28.899, 86, 1605, 64.94, 1175
2026/09/13 19:59:29.103, 86, 1605, 71.27, 1175
2026/09/13 19:59:29.306, 86, 1605, 71.27, 1175
2026/09/13 19:59:29.511, 87, 1605, 71.40, 1175
2026/09/13 19:59:29.715, 87, 1605, 71.40, 1175
2026/09/13 19:59:29.919, 87, 1605, 71.40, 1175
2026/09/13 19:59:30.121, 87, 1605, 68.84, 1175
2026/09/13 19:59:30.324, 87, 1605, 68.84, 1175
2026/09/13 19:59:30.527, 86, 1605, 69.07, 1175
2026/09/13 19:59:30.732, 86, 1605, 69.07, 1175
2026/09/13 19:59:30.937, 86, 1605, 69.07, 1175
2026/09/13 19:59:31.143, 86, 1605, 67.10, 1175
2026/09/13 19:59:31.346, 86, 1605, 67.10, 1175
2026/09/13 19:59:31.549, 87, 1605, 78.94, 1175
2026/09/13 19:59:31.754, 87, 1605, 78.94, 1175
2026/09/13 19:59:31.956, 87, 1605, 78.94, 1175
2026/09/13 19:59:32.157, 86, 1605, 70.68, 1175
2026/09/13 19:59:32.364, 86, 1605, 70.68, 1175
2026/09/13 19:59:32.567, 85, 1635, 67.52, 1175
2026/09/13 19:59:32.770, 85, 1635, 67.52, 1175
2026/09/13 19:59:32.973, 85, 1635, 67.52, 1175
2026/09/13 19:59:33.176, 87, 1650, 74.75, 1175
2026/09/13 19:59:33.379, 87, 1650, 74.75, 1175
2026/09/13 19:59:33.581, 87, 1605, 65.18, 1175
2026/09/13 19:59:33.782, 87, 1605, 65.18, 1175
2026/09/13 19:59:33.985, 87, 1605, 77.53, 1175
2026/09/13 19:59:34.188, 87, 1605, 77.53, 1175
2026/09/13 19:59:34.392, 87, 1605, 77.53, 1175
2026/09/13 19:59:34.594, 86, 1605, 70.84, 1175
2026/09/13 19:59:34.796, 86, 1605, 70.84, 1175
2026/09/13 19:59:34.997, 87, 1710, 69.34, 1175
2026/09/13 19:59:35.200, 87, 1710, 69.34, 1175
2026/09/13 19:59:35.406, 87, 1710, 69.34, 1175
2026/09/13 19:59:35.610, 87, 1650, 70.40, 1175
2026/09/13 19:59:35.813, 87, 1650, 70.40, 1175
2026/09/13 19:59:36.018, 86, 1620, 66.03, 1175
2026/09/13 19:59:36.221, 86, 1620, 66.03, 1175
2026/09/13 19:59:36.422, 86, 1620, 66.03, 1175
2026/09/13 19:59:36.625, 88, 1845, 66.78, 1175
2026/09/13 19:59:36.826, 88, 1845, 66.78, 1175
2026/09/13 19:59:37.028, 86, 1605, 68.04, 1175
2026/09/13 19:59:37.236, 86, 1605, 68.04, 1175
2026/09/13 19:59:37.439, 86, 1605, 68.04, 1175
2026/09/13 19:59:37.641, 88, 1620, 78.20, 1175
2026/09/13 19:59:37.842, 88, 1620, 78.20, 1175
2026/09/13 19:59:38.045, 87, 1605, 66.35, 1175
2026/09/13 19:59:38.246, 87, 1605, 66.35, 1175
2026/09/13 19:59:38.449, 87, 1605, 66.35, 1175
2026/09/13 19:59:38.652, 87, 1695, 69.66, 1175
2026/09/13 19:59:38.855, 87, 1695, 69.66, 1175
2026/09/13 19:59:39.059, 86, 1830, 72.08, 1175
2026/09/13 19:59:39.264, 86, 1830, 72.08, 1175
2026/09/13 19:59:39.467, 86, 1830, 72.08, 1175
2026/09/13 19:59:39.671, 87, 1620, 72.59, 1175
2026/09/13 19:59:39.875, 87, 1620, 72.59, 1175
2026/09/13 19:59:40.079, 86, 1620, 66.77, 1175
2026/09/13 19:59:40.282, 86, 1620, 66.77, 1175
2026/09/13 19:59:40.484, 88, 1605, 66.22, 1175
2026/09/13 19:59:40.689, 88, 1605, 66.22, 1175
2026/09/13 19:59:40.892, 88, 1605, 66.22, 1175
2026/09/13 19:59:41.097, 87, 1605, 65.76, 1175
2026/09/13 19:59:41.300, 87, 1605, 65.76, 1175
2026/09/13 19:59:41.504, 86, 1635, 67.72, 1175
2026/09/13 19:59:41.709, 86, 1635, 67.72, 1175
2026/09/13 19:59:41.913, 86, 1635, 67.72, 1175
2026/09/13 19:59:42.115, 87, 1605, 71.02, 1175
2026/09/13 19:59:42.318, 87, 1605, 71.02, 1175
2026/09/13 19:59:42.520, 88, 1725, 74.82, 1175
2026/09/13 19:59:42.722, 88, 1725, 74.82, 1175
2026/09/13 19:59:42.927, 88, 1725, 74.82, 1175
2026/09/13 19:59:43.130, 86, 1755, 65.60, 1175
2026/09/13 19:59:43.331, 86, 1755, 65.60, 1175
2026/09/13 19:59:43.533, 87, 1710, 70.39, 1175
2026/09/13 19:59:43.738, 87, 1710, 70.39, 1175
2026/09/13 19:59:43.942, 87, 1710, 70.39, 1175
2026/09/13 19:59:44.144, 87, 1725, 70.50, 1175
2026/09/13 19:59:44.348, 87, 1725, 70.50, 1175
2026/09/13 19:59:44.550, 89, 1650, 73.15, 1175
2026/09/13 19:59:44.751, 89, 1650, 73.15, 1175
2026/09/13 19:59:44.954, 89, 1650, 73.15, 1175
2026/09/13 19:59:45.155, 87, 1650, 66.64, 1175
2026/09/13 19:59:45.360, 87, 1650, 66.64, 1175
2026/09/13 19:59:45.563, 87, 1605, 68.58, 1175
2026/09/13 19:59:45.765, 87, 1605, 68.58, 1175
2026/09/13 19:59:45.967, 87, 1605, 68.58, 1175
2026/09/13 19:59:46.171, 87, 1605, 68.16, 1175
2026/09/13 19:59:46.374, 87, 1605, 68.16, 1175
2026/09/13 19:59:46.580, 86, 1650, 65.72, 1175
2026/09/13 19:59:46.783, 86, 1650, 65.72, 1175
2026/09/13 19:59:46.985, 86, 1875, 51.47, 1175
2026/09/13 19:59:47.187, 86, 1875, 51.47, 1175
2026/09/13 19:59:47.391, 86, 1875, 51.47, 1175
2026/09/13 19:59:47.597, 86, 1605, 70.38, 1175
2026/09/13 19:59:47.800, 86, 1605, 70.38, 1175
2026/09/13 19:59:48.003, 87, 1605, 68.14, 1175
2026/09/13 19:59:48.207, 87, 1605, 68.14, 1175
2026/09/13 19:59:48.412, 87, 1605, 68.14, 1175
2026/09/13 19:59:48.615, 88, 1605, 71.10, 1175
2026/09/13 19:59:48.819, 88, 1605, 71.10, 1175
2026/09/13 19:59:49.024, 87, 1605, 65.61, 1175
2026/09/13 19:59:49.229, 87, 1605, 65.61, 1175
2026/09/13 19:59:49.435, 87, 1605, 65.61, 1175
2026/09/13 19:59:49.638, 86, 1605, 65.15, 1175
2026/09/13 19:59:49.843, 86, 1605, 65.15, 1175
2026/09/13 19:59:50.045, 87, 1605, 66.57, 1175
2026/09/13 19:59:50.246, 87, 1605, 66.57, 1175
2026/09/13 19:59:50.450, 87, 1605, 66.57, 1175
2026/09/13 19:59:50.654, 86, 1605, 66.28, 1175
2026/09/13 19:59:50.857, 86, 1605, 66.28, 1175
2026/09/13 19:59:51.060, 87, 1875, 72.55, 1175
2026/09/13 19:59:51.263, 87, 1875, 72.55, 1175
2026/09/13 19:59:51.465, 87, 1875, 72.55, 1175
2026/09/13 19:59:51.669, 87, 1710, 69.40, 1175
2026/09/13 19:59:51.874, 87, 1710, 69.40, 1175
2026/09/13 19:59:52.081, 87, 1650, 69.11, 1175
2026/09/13 19:59:52.284, 87, 1650, 69.11, 1175
2026/09/13 19:59:52.488, 88, 1605, 69.85, 1175
2026/09/13 19:59:52.691, 88, 1605, 69.85, 1175
2026/09/13 19:59:52.893, 88, 1605, 69.85, 1175
2026/09/13 19:59:53.096, 86, 1605, 65.43, 1175
2026/09/13 19:59:53.299, 86, 1605, 65.43, 1175
2026/09/13 19:59:53.514, 86, 1605, 64.76, 1175
2026/09/13 19:59:53.717, 86, 1605, 64.76, 1175
2026/09/13 19:59:53.919, 86, 1605, 64.76, 1175
2026/09/13 19:59:54.121, 87, 1605, 70.90, 1175
2026/09/13 19:59:54.324, 87, 1605, 70.90, 1175
2026/09/13 19:59:54.526, 87, 1740, 68.15, 1175
2026/09/13 19:59:54.730, 87, 1740, 68.15, 1175
2026/09/13 19:59:54.934, 87, 1740, 68.15, 1175
2026/09/13 19:59:55.136, 87, 1605, 56.23, 1175
2026/09/13 19:59:55.338, 87, 1605, 56.23, 1175
2026/09/13 19:59:55.542, 87, 1665, 69.10, 1175
2026/09/13 19:59:55.746, 87, 1665, 69.10, 1175
2026/09/13 19:59:55.949, 87, 1665, 69.10, 1175
2026/09/13 19:59:56.153, 87, 1710, 68.41, 1175
2026/09/13 19:59:56.357, 87, 1710, 68.41, 1175
2026/09/13 19:59:56.558, 88, 1605, 69.58, 1175
2026/09/13 19:59:56.761, 88, 1605, 69.58, 1175
2026/09/13 19:59:56.962, 88, 1605, 69.58, 1175
2026/09/13 19:59:57.168, 86, 1650, 68.50, 1175
2026/09/13 19:59:57.370, 86, 1650, 68.50, 1175
2026/09/13 19:59:57.574, 85, 1755, 67.77, 1175
2026/09/13 19:59:57.775, 85, 1755, 67.77, 1175
2026/09/13 19:59:57.977, 85, 1755, 67.77, 1175
2026/09/13 19:59:58.181, 87, 1605, 72.18, 1175
2026/09/13 19:59:58.381, 87, 1605, 72.18, 1175
2026/09/13 19:59:58.586, 86, 1605, 57.25, 1175
2026/09/13 19:59:58.790, 86, 1605, 57.25, 1175
2026/09/13 19:59:58.992, 86, 1710, 60.73, 1175
2026/09/13 19:59:59.196, 86, 1710, 60.73, 1175
2026/09/13 19:59:59.399, 86, 1710, 60.73, 1175
2026/09/13 19:59:59.605, 87, 1710, 70.81, 1175
2026/09/13 19:59:59.806, 87, 1710, 70.81, 1175
2026/09/13 20:00:00.010, 87, 1695, 70.13, 1175
2026/09/13 20:00:00.214, 87, 1695, 70.13, 1175
2026/09/13 20:00:00.418, 87, 1695, 70.13, 1175
2026/09/13 20:00:00.621, 88, 1605, 77.37, 1175
2026/09/13 20:00:00.824, 88, 1605, 77.37, 1175
2026/09/13 20:00:01.025, 87, 1770, 70.37, 1175
2026/09/13 20:00:01.227, 87, 1770, 70.37, 1175
2026/09/13 20:00:01.430, 87, 1770, 70.37, 1175
2026/09/13 20:00:01.634, 84, 1605, 64.31, 1175
2026/09/13 20:00:01.837, 84, 1605, 64.31, 1175
2026/09/13 20:00:02.041, 86, 1605, 66.73, 1175
2026/09/13 20:00:02.246, 86, 1605, 66.73, 1175
2026/09/13 20:00:02.450, 86, 1605, 66.73, 1175
2026/09/13 20:00:02.654, 86, 1605, 66.83, 1175
2026/09/13 20:00:02.858, 86, 1605, 66.83, 1175
2026/09/13 20:00:03.061, 88, 1605, 69.40, 1175
2026/09/13 20:00:03.263, 88, 1605, 69.40, 1175
2026/09/13 20:00:03.466, 88, 1605, 69.40, 1175
2026/09/13 20:00:03.670, 87, 1605, 69.80, 1175
2026/09/13 20:00:03.874, 87, 1605, 69.80, 1175
2026/09/13 20:00:04.078, 87, 1650, 68.12, 1175
2026/09/13 20:00:04.282, 87, 1650, 68.12, 1175
2026/09/13 20:00:04.484, 88, 1605, 72.37, 1175
2026/09/13 20:00:04.686, 88, 1605, 72.37, 1175
2026/09/13 20:00:04.887, 88, 1605, 72.37, 1175
2026/09/13 20:00:05.090, 87, 1605, 69.62, 1175
2026/09/13 20:00:05.291, 87, 1605, 69.62, 1175
2026/09/13 20:00:05.494, 85, 1770, 65.38, 1175
2026/09/13 20:00:05.698, 85, 1770, 65.38, 1175
2026/09/13 20:00:05.903, 85, 1770, 65.38, 1175
2026/09/13 20:00:06.106, 86, 1605, 73.40, 1175
2026/09/13 20:00:06.311, 86, 1605, 73.40, 1175
2026/09/13 20:00:06.514, 87, 1665, 69.25, 1175
2026/09/13 20:00:06.718, 87, 1665, 69.25, 1175
2026/09/13 20:00:06.921, 87, 1665, 69.25, 1175
2026/09/13 20:00:07.124, 88, 1830, 66.26, 1175
2026/09/13 20:00:07.325, 88, 1830, 66.26, 1175
2026/09/13 20:00:07.528, 87, 1665, 67.69, 1175
2026/09/13 20:00:07.731, 87, 1665, 67.69, 1175
2026/09/13 20:00:07.936, 87, 1665, 67.69, 1175
2026/09/13 20:00:08.139, 87, 1650, 69.32, 1175
2026/09/13 20:00:08.342, 87, 1650, 69.32, 1175
2026/09/13 20:00:08.544, 88, 1605, 67.38, 1175
2026/09/13 20:00:08.748, 88, 1605, 67.38, 1175
2026/09/13 20:00:08.950, 88, 1605, 67.38, 1175
2026/09/13 20:00:09.154, 86, 1605, 67.41, 1175
2026/09/13 20:00:09.358, 86, 1605, 67.41, 1175
2026/09/13 20:00:09.560, 86, 1695, 73.11, 1175
2026/09/13 20:00:09.764, 86, 1695, 73.11, 1175
2026/09/13 20:00:09.967, 86, 1695, 73.11, 1175
2026/09/13 20:00:10.170, 87, 1605, 72.97, 1175
2026/09/13 20:00:10.374, 87, 1605, 72.97, 1175
2026/09/13 20:00:10.579, 88, 1605, 72.95, 1175
2026/09/13 20:00:10.782, 88, 1605, 72.95, 1175
2026/09/13 20:00:10.986, 88, 1605, 72.68, 1175
2026/09/13 20:00:11.190, 88, 1605, 72.68, 1175
2026/09/13 20:00:11.391, 88, 1605, 72.68, 1175
2026/09/13 20:00:11.594, 88, 1605, 72.79, 1175
2026/09/13 20:00:11.797, 88, 1605, 72.79, 1175
2026/09/13 20:00:12.000, 88, 1605, 72.87, 1175
2026/09/13 20:00:12.203, 88, 1605, 72.87, 1175
2026/09/13 20:00:12.405, 88, 1605, 72.87, 1175
2026/09/13 20:00:12.611, 88, 1605, 72.93, 1175
2026/09/13 20:00:12.814, 88, 1605, 72.93, 1175
2026/09/13 20:00:13.018, 88, 1605, 72.88, 1175
2026/09/13 20:00:13.221, 88, 1605, 72.88, 1175
2026/09/13 20:00:13.427, 88, 1605, 72.88, 1175
2026/09/13 20:00:13.631, 88, 1605, 73.71, 1175
2026/09/13 20:00:13.834, 88, 1605, 73.71, 1175
2026/09/13 20:00:14.037, 79, 2490, 25.46, 1175
2026/09/13 20:00:14.241, 79, 2490, 25.46, 1175
2026/09/13 20:00:14.443, 79, 2490, 25.46, 1175
2026/09/13 20:00:14.646, 78, 2490, 25.80, 1175
2026/09/13 20:00:14.850, 78, 2490, 25.80, 1175
2026/09/13 20:00:15.055, 78, 2490, 22.66, 1175
2026/09/13 20:00:15.259, 78, 2490, 22.66, 151
2026/09/13 20:00:15.462, 78, 2490, 22.66, 151
2026/09/13 20:00:15.665, 76, 675, 22.01, 151
2026/09/13 20:00:15.866, 76, 675, 22.01, 151
2026/09/13 20:00:16.069, 75, 510, 9.22, 151
2026/09/13 20:00:16.273, 75, 510, 9.22, 151
2026/09/13 20:00:16.475, 75, 510, 9.22, 151
2026/09/13 20:00:16.680, 75, 420, 9.18, 0
