2026/09/11 06:52:39.134, 0, GPU-87701dfa-9023-3c38-a5e1-c4df5064cf56, P0, 71, 1980, 8001, 17.27, [N/A], 0
2026/09/11 06:52:39.340, 0, GPU-87701dfa-9023-3c38-a5e1-c4df5064cf56, P0, 71, 1980, 8001, 17.27, [N/A], 0
2026/09/11 06:52:39.545, 0, GPU-87701dfa-9023-3c38-a5e1-c4df5064cf56, P0, 71, 1980, 8001, 17.90, [N/A], 10
2026/09/11 06:52:39.753, 0, GPU-87701dfa-9023-3c38-a5e1-c4df5064cf56, P0, 71, 1980, 8001, 17.90, [N/A], 10
2026/09/11 06:52:39.958, 0, GPU-87701dfa-9023-3c38-a5e1-c4df5064cf56, P0, 72, 1980, 8001, 62.35, [N/A], 43
2026/09/11 06:52:40.164, 0, GPU-87701dfa-9023-3c38-a5e1-c4df5064cf56, P0, 72, 1980, 8001, 62.35, [N/A], 43
2026/09/11 06:52:40.370, 0, GPU-87701dfa-9023-3c38-a5e1-c4df5064cf56, P0, 72, 1980, 8001, 62.35, [N/A], 43
2026/09/11 06:52:40.592, 0, GPU-87701dfa-9023-3c38-a5e1-c4df5064cf56, P0, 86, 2325, 8001, 82.92, [N/A], 60
2026/09/11 06:52:40.799, 0, GPU-87701dfa-9023-3c38-a5e1-c4df5064cf56, P0, 86, 2325, 8001, 82.92, [N/A], 60
2026/09/11 06:52:41.004, 0, GPU-87701dfa-9023-3c38-a5e1-c4df5064cf56, P0, 81, 2490, 8001, 64.19, [N/A], 2
2026/09/11 06:52:41.225, 0, GPU-87701dfa-9023-3c38-a5e1-c4df5064cf56, P0, 81, 2490, 8001, 64.19, [N/A], 2
2026/09/11 06:52:41.431, 0, GPU-87701dfa-9023-3c38-a5e1-c4df5064cf56, P0, 92, 2370, 8001, 108.75, [N/A], 98
2026/09/11 06:52:41.639, 0, GPU-87701dfa-9023-3c38-a5e1-c4df5064cf56, P0, 92, 2370, 8001, 108.75, [N/A], 98
2026/09/11 06:52:41.846, 0, GPU-87701dfa-9023-3c38-a5e1-c4df5064cf56, P0, 92, 2370, 8001, 108.75, [N/A], 98
2026/09/11 06:52:42.051, 0, GPU-87701dfa-9023-3c38-a5e1-c4df5064cf56, P0, 87, 1845, 8001, 87.40, [N/A], 95
2026/09/11 06:52:42.259, 0, GPU-87701dfa-9023-3c38-a5e1-c4df5064cf56, P0, 87, 1845, 8001, 87.40, [N/A], 95
2026/09/11 06:52:42.482, 0, GPU-87701dfa-9023-3c38-a5e1-c4df5064cf56, P0, 87, 2010, 8001, 87.94, [N/A], 100
2026/09/11 06:52:42.689, 0, GPU-87701dfa-9023-3c38-a5e1-c4df5064cf56, P0, 87, 2010, 8001, 87.94, [N/A], 100
2026/09/11 06:52:42.897, 0, GPU-87701dfa-9023-3c38-a5e1-c4df5064cf56, P0, 88, 1920, 8001, 88.46, [N/A], 95
2026/09/11 06:52:43.104, 0, GPU-87701dfa-9023-3c38-a5e1-c4df5064cf56, P0, 88, 1920, 8001, 88.46, [N/A], 95
2026/09/11 06:52:43.311, 0, GPU-87701dfa-9023-3c38-a5e1-c4df5064cf56, P0, 88, 1920, 8001, 88.46, [N/A], 95
2026/09/11 06:52:43.517, 0, GPU-87701dfa-9023-3c38-a5e1-c4df5064cf56, P0, 87, 1995, 8001, 84.35, [N/A], 96
2026/09/11 06:52:43.723, 0, GPU-87701dfa-9023-3c38-a5e1-c4df5064cf56, P0, 87, 1995, 8001, 84.35, [N/A], 96
2026/09/11 06:52:43.929, 0, GPU-87701dfa-9023-3c38-a5e1-c4df5064cf56, P0, 84, 1830, 8001, 70.70, [N/A], 100
2026/09/11 06:52:44.137, 0, GPU-87701dfa-9023-3c38-a5e1-c4df5064cf56, P0, 84, 1830, 8001, 70.70, [N/A], 100
2026/09/11 06:52:44.345, 0, GPU-87701dfa-9023-3c38-a5e1-c4df5064cf56, P0, 84, 1830, 8001, 70.70, [N/A], 100
2026/09/11 06:52:44.551, 0, GPU-87701dfa-9023-3c38-a5e1-c4df5064cf56, P0, 86, 1845, 8001, 80.73, [N/A], 96
2026/09/11 06:52:44.759, 0, GPU-87701dfa-9023-3c38-a5e1-c4df5064cf56, P0, 86, 1845, 8001, 80.73, [N/A], 96
2026/09/11 06:52:44.966, 0, GPU-87701dfa-9023-3c38-a5e1-c4df5064cf56, P0, 86, 1965, 8001, 87.30, [N/A], 95
2026/09/11 06:52:45.173, 0, GPU-87701dfa-9023-3c38-a5e1-c4df5064cf56, P0, 86, 1965, 8001, 87.30, [N/A], 95
2026/09/11 06:52:45.381, 0, GPU-87701dfa-9023-3c38-a5e1-c4df5064cf56, P0, 86, 1905, 8001, 81.19, [N/A], 100
2026/09/11 06:52:45.586, 0, GPU-87701dfa-9023-3c38-a5e1-c4df5064cf56, P0, 86, 1905, 8001, 81.19, [N/A], 100
2026/09/11 06:52:45.793, 0, GPU-87701dfa-9023-3c38-a5e1-c4df5064cf56, P0, 86, 1905, 8001, 81.19, [N/A], 100
2026/09/11 06:52:46.000, 0, GPU-87701dfa-9023-3c38-a5e1-c4df5064cf56, P0, 86, 1980, 8001, 84.00, [N/A], 95
2026/09/11 06:52:46.206, 0, GPU-87701dfa-9023-3c38-a5e1-c4df5064cf56, P0, 86, 1980, 8001, 84.00, [N/A], 95
2026/09/11 06:52:46.412, 0, GPU-87701dfa-9023-3c38-a5e1-c4df5064cf56, P0, 86, 1965, 8001, 86.61, [N/A], 95
2026/09/11 06:52:46.619, 0, GPU-87701dfa-9023-3c38-a5e1-c4df5064cf56, P0, 86, 1965, 8001, 86.61, [N/A], 95
2026/09/11 06:52:46.824, 0, GPU-87701dfa-9023-3c38-a5e1-c4df5064cf56, P0, 86, 1965, 8001, 86.61, [N/A], 95
2026/09/11 06:52:47.028, 0, GPU-87701dfa-9023-3c38-a5e1-c4df5064cf56, P0, 88, 1995, 8001, 82.95, [N/A], 100
2026/09/11 06:52:47.235, 0, GPU-87701dfa-9023-3c38-a5e1-c4df5064cf56, P0, 88, 1995, 8001, 82.95, [N/A], 100
2026/09/11 06:52:47.443, 0, GPU-87701dfa-9023-3c38-a5e1-c4df5064cf56, P0, 89, 2070, 8001, 78.14, [N/A], 95
2026/09/11 06:52:47.651, 0, GPU-87701dfa-9023-3c38-a5e1-c4df5064cf56, P0, 89, 2070, 8001, 78.14, [N/A], 95
2026/09/11 06:52:47.858, 0, GPU-87701dfa-9023-3c38-a5e1-c4df5064cf56, P0, 89, 2070, 8001, 78.14, [N/A], 95
2026/09/11 06:52:48.066, 0, GPU-87701dfa-9023-3c38-a5e1-c4df5064cf56, P0, 87, 1905, 8001, 83.82, [N/A], 95
2026/09/11 06:52:48.273, 0, GPU-87701dfa-9023-3c38-a5e1-c4df5064cf56, P0, 87, 1905, 8001, 83.82, [N/A], 95
2026/09/11 06:52:48.480, 0, GPU-87701dfa-9023-3c38-a5e1-c4df5064cf56, P0, 86, 1815, 8001, 79.73, [N/A], 95
2026/09/11 06:52:48.687, 0, GPU-87701dfa-9023-3c38-a5e1-c4df5064cf56, P0, 86, 1815, 8001, 79.73, [N/A], 95
2026/09/11 06:52:48.894, 0, GPU-87701dfa-9023-3c38-a5e1-c4df5064cf56, P0, 87, 1920, 8001, 83.64, [N/A], 100
2026/09/11 06:52:49.101, 0, GPU-87701dfa-9023-3c38-a5e1-c4df5064cf56, P0, 87, 1920, 8001, 83.64, [N/A], 100
2026/09/11 06:52:49.308, 0, GPU-87701dfa-9023-3c38-a5e1-c4df5064cf56, P0, 87, 1920, 8001, 83.64, [N/A], 100
2026/09/11 06:52:49.515, 0, GPU-87701dfa-9023-3c38-a5e1-c4df5064cf56, P0, 86, 1725, 8001, 81.72, [N/A], 96
2026/09/11 06:52:49.723, 0, GPU-87701dfa-9023-3c38-a5e1-c4df5064cf56, P0, 86, 1725, 8001, 81.72, [N/A], 96
2026/09/11 06:52:49.929, 0, GPU-87701dfa-9023-3c38-a5e1-c4df5064cf56, P0, 86, 1800, 8001, 85.76, [N/A], 96
2026/09/11 06:52:50.137, 0, GPU-87701dfa-9023-3c38-a5e1-c4df5064cf56, P0, 86, 1800, 8001, 85.76, [N/A], 96
2026/09/11 06:52:50.345, 0, GPU-87701dfa-9023-3c38-a5e1-c4df5064cf56, P0, 86, 1800, 8001, 85.76, [N/A], 96
2026/09/11 06:52:50.550, 0, GPU-87701dfa-9023-3c38-a5e1-c4df5064cf56, P0, 88, 1935, 8001, 95.20, [N/A], 100
2026/09/11 06:52:50.758, 0, GPU-87701dfa-9023-3c38-a5e1-c4df5064cf56, P0, 88, 1935, 8001, 95.20, [N/A], 100
2026/09/11 06:52:50.965, 0, GPU-87701dfa-9023-3c38-a5e1-c4df5064cf56, P0, 84, 1605, 8001, 68.11, [N/A], 99
2026/09/11 06:52:51.171, 0, GPU-87701dfa-9023-3c38-a5e1-c4df5064cf56, P0, 84, 1605, 8001, 68.11, [N/A], 99
2026/09/11 06:52:51.379, 0, GPU-87701dfa-9023-3c38-a5e1-c4df5064cf56, P0, 88, 1875, 8001, 85.51, [N/A], 95
2026/09/11 06:52:51.586, 0, GPU-87701dfa-9023-3c38-a5e1-c4df5064cf56, P0, 88, 1875, 8001, 85.51, [N/A], 95
2026/09/11 06:52:51.794, 0, GPU-87701dfa-9023-3c38-a5e1-c4df5064cf56, P0, 88, 1875, 8001, 85.51, [N/A], 95
2026/09/11 06:52:52.000, 0, GPU-87701dfa-9023-3c38-a5e1-c4df5064cf56, P0, 86, 1815, 8001, 77.55, [N/A], 96
2026/09/11 06:52:52.207, 0, GPU-87701dfa-9023-3c38-a5e1-c4df5064cf56, P0, 86, 1815, 8001, 77.55, [N/A], 96
2026/09/11 06:52:52.414, 0, GPU-87701dfa-9023-3c38-a5e1-c4df5064cf56, P0, 88, 1920, 8001, 81.09, [N/A], 100
2026/09/11 06:52:52.621, 0, GPU-87701dfa-9023-3c38-a5e1-c4df5064cf56, P0, 88, 1920, 8001, 81.09, [N/A], 100
2026/09/11 06:52:52.827, 0, GPU-87701dfa-9023-3c38-a5e1-c4df5064cf56, P0, 88, 1920, 8001, 81.09, [N/A], 100
2026/09/11 06:52:53.033, 0, GPU-87701dfa-9023-3c38-a5e1-c4df5064cf56, P0, 87, 1950, 8001, 82.38, [N/A], 95
2026/09/11 06:52:53.239, 0, GPU-87701dfa-9023-3c38-a5e1-c4df5064cf56, P0, 87, 1950, 8001, 82.38, [N/A], 95
2026/09/11 06:52:53.444, 0, GPU-87701dfa-9023-3c38-a5e1-c4df5064cf56, P0, 86, 1785, 8001, 77.64, [N/A], 95
2026/09/11 06:52:53.651, 0, GPU-87701dfa-9023-3c38-a5e1-c4df5064cf56, P0, 86, 1785, 8001, 77.64, [N/A], 95
2026/09/11 06:52:53.858, 0, GPU-87701dfa-9023-3c38-a5e1-c4df5064cf56, P0, 86, 1785, 8001, 77.64, [N/A], 95
2026/09/11 06:52:54.064, 0, GPU-87701dfa-9023-3c38-a5e1-c4df5064cf56, P0, 88, 1935, 8001, 79.16, [N/A], 96
2026/09/11 06:52:54.270, 0, GPU-87701dfa-9023-3c38-a5e1-c4df5064cf56, P0, 88, 1935, 8001, 79.16, [N/A], 96
2026/09/11 06:52:54.474, 0, GPU-87701dfa-9023-3c38-a5e1-c4df5064cf56, P0, 86, 1995, 8001, 79.65, [N/A], 100
2026/09/11 06:52:54.682, 0, GPU-87701dfa-9023-3c38-a5e1-c4df5064cf56, P0, 86, 1995, 8001, 79.65, [N/A], 100
2026/09/11 06:52:54.889, 0, GPU-87701dfa-9023-3c38-a5e1-c4df5064cf56, P0, 86, 1875, 8001, 76.82, [N/A], 95
2026/09/11 06:52:55.097, 0, GPU-87701dfa-9023-3c38-a5e1-c4df5064cf56, P0, 86, 1875, 8001, 76.82, [N/A], 95
2026/09/11 06:52:55.302, 0, GPU-87701dfa-9023-3c38-a5e1-c4df5064cf56, P0, 86, 1875, 8001, 76.82, [N/A], 95
2026/09/11 06:52:55.508, 0, GPU-87701dfa-9023-3c38-a5e1-c4df5064cf56, P0, 86, 1845, 8001, 77.75, [N/A], 96
2026/09/11 06:52:55.714, 0, GPU-87701dfa-9023-3c38-a5e1-c4df5064cf56, P0, 86, 1845, 8001, 77.75, [N/A], 96
2026/09/11 06:52:55.921, 0, GPU-87701dfa-9023-3c38-a5e1-c4df5064cf56, P0, 85, 1680, 8001, 71.02, [N/A], 95
2026/09/11 06:52:56.127, 0, GPU-87701dfa-9023-3c38-a5e1-c4df5064cf56, P0, 85, 1680, 8001, 71.02, [N/A], 95
2026/09/11 06:52:56.335, 0, GPU-87701dfa-9023-3c38-a5e1-c4df5064cf56, P0, 85, 1680, 8001, 71.02, [N/A], 95
2026/09/11 06:52:56.538, 0, GPU-87701dfa-9023-3c38-a5e1-c4df5064cf56, P0, 86, 2025, 8001, 87.13, [N/A], 100
2026/09/11 06:52:56.745, 0, GPU-87701dfa-9023-3c38-a5e1-c4df5064cf56, P0, 86, 2025, 8001, 87.13, [N/A], 100
2026/09/11 06:52:56.951, 0, GPU-87701dfa-9023-3c38-a5e1-c4df5064cf56, P0, 88, 1935, 8001, 90.93, [N/A], 95
2026/09/11 06:52:57.157, 0, GPU-87701dfa-9023-3c38-a5e1-c4df5064cf56, P0, 88, 1935, 8001, 90.93, [N/A], 95
2026/09/11 06:52:57.365, 0, GPU-87701dfa-9023-3c38-a5e1-c4df5064cf56, P0, 85, 1605, 8001, 83.71, [N/A], 96
2026/09/11 06:52:57.570, 0, GPU-87701dfa-9023-3c38-a5e1-c4df5064cf56, P0, 85, 1605, 8001, 83.71, [N/A], 96
2026/09/11 06:52:57.778, 0, GPU-87701dfa-9023-3c38-a5e1-c4df5064cf56, P0, 85, 1605, 8001, 83.71, [N/A], 96
2026/09/11 06:52:57.983, 0, GPU-87701dfa-9023-3c38-a5e1-c4df5064cf56, P0, 85, 1710, 8001, 76.19, [N/A], 95
2026/09/11 06:52:58.191, 0, GPU-87701dfa-9023-3c38-a5e1-c4df5064cf56, P0, 85, 1710, 8001, 76.19, [N/A], 95
2026/09/11 06:52:58.395, 0, GPU-87701dfa-9023-3c38-a5e1-c4df5064cf56, P0, 85, 1800, 8001, 75.72, [N/A], 100
2026/09/11 06:52:58.601, 0, GPU-87701dfa-9023-3c38-a5e1-c4df5064cf56, P0, 85, 1800, 8001, 75.72, [N/A], 100
2026/09/11 06:52:58.808, 0, GPU-87701dfa-9023-3c38-a5e1-c4df5064cf56, P0, 85, 1800, 8001, 75.72, [N/A], 100
2026/09/11 06:52:59.014, 0, GPU-87701dfa-9023-3c38-a5e1-c4df5064cf56, P0, 85, 1695, 8001, 77.70, [N/A], 100
2026/09/11 06:52:59.221, 0, GPU-87701dfa-9023-3c38-a5e1-c4df5064cf56, P0, 85, 1695, 8001, 77.70, [N/A], 100
2026/09/11 06:52:59.426, 0, GPU-87701dfa-9023-3c38-a5e1-c4df5064cf56, P0, 88, 1980, 8001, 72.40, [N/A], 95
2026/09/11 06:52:59.633, 0, GPU-87701dfa-9023-3c38-a5e1-c4df5064cf56, P0, 88, 1980, 8001, 72.40, [N/A], 95
2026/09/11 06:52:59.839, 0, GPU-87701dfa-9023-3c38-a5e1-c4df5064cf56, P0, 88, 1980, 8001, 72.40, [N/A], 95
2026/09/11 06:53:00.045, 0, GPU-87701dfa-9023-3c38-a5e1-c4df5064cf56, P0, 87, 1725, 8001, 95.25, [N/A], 95
2026/09/11 06:53:00.251, 0, GPU-87701dfa-9023-3c38-a5e1-c4df5064cf56, P0, 87, 1725, 8001, 95.25, [N/A], 95
2026/09/11 06:53:00.456, 0, GPU-87701dfa-9023-3c38-a5e1-c4df5064cf56, P0, 86, 1830, 8001, 76.04, [N/A], 96
2026/09/11 06:53:00.664, 0, GPU-87701dfa-9023-3c38-a5e1-c4df5064cf56, P0, 86, 1830, 8001, 76.04, [N/A], 96
2026/09/11 06:53:00.870, 0, GPU-87701dfa-9023-3c38-a5e1-c4df5064cf56, P0, 85, 1875, 8001, 77.67, [N/A], 100
2026/09/11 06:53:01.074, 0, GPU-87701dfa-9023-3c38-a5e1-c4df5064cf56, P0, 85, 1875, 8001, 77.67, [N/A], 100
2026/09/11 06:53:01.282, 0, GPU-87701dfa-9023-3c38-a5e1-c4df5064cf56, P0, 85, 1875, 8001, 77.67, [N/A], 100
2026/09/11 06:53:01.489, 0, GPU-87701dfa-9023-3c38-a5e1-c4df5064cf56, P0, 88, 2010, 8001, 77.87, [N/A], 95
2026/09/11 06:53:01.693, 0, GPU-87701dfa-9023-3c38-a5e1-c4df5064cf56, P0, 88, 2010, 8001, 77.87, [N/A], 95
2026/09/11 06:53:01.901, 0, GPU-87701dfa-9023-3c38-a5e1-c4df5064cf56, P0, 88, 1845, 8001, 78.12, [N/A], 95
2026/09/11 06:53:02.109, 0, GPU-87701dfa-9023-3c38-a5e1-c4df5064cf56, P0, 88, 1845, 8001, 78.12, [N/A], 95
2026/09/11 06:53:02.315, 0, GPU-87701dfa-9023-3c38-a5e1-c4df5064cf56, P0, 88, 1845, 8001, 78.12, [N/A], 95
2026/09/11 06:53:02.519, 0, GPU-87701dfa-9023-3c38-a5e1-c4df5064cf56, P0, 85, 1620, 8001, 69.11, [N/A], 96
2026/09/11 06:53:02.726, 0, GPU-87701dfa-9023-3c38-a5e1-c4df5064cf56, P0, 85, 1620, 8001, 69.11, [N/A], 96
2026/09/11 06:53:02.933, 0, GPU-87701dfa-9023-3c38-a5e1-c4df5064cf56, P0, 90, 1935, 8001, 87.33, [N/A], 96
2026/09/11 06:53:03.139, 0, GPU-87701dfa-9023-3c38-a5e1-c4df5064cf56, P0, 90, 1935, 8001, 87.33, [N/A], 96
2026/09/11 06:53:03.393, 0, GPU-87701dfa-9023-3c38-a5e1-c4df5064cf56, P0, 87, 1695, 8001, 80.12, [N/A], 96
2026/09/11 06:53:03.598, 0, GPU-87701dfa-9023-3c38-a5e1-c4df5064cf56, P0, 87, 1695, 8001, 80.12, [N/A], 96
2026/09/11 06:53:03.804, 0, GPU-87701dfa-9023-3c38-a5e1-c4df5064cf56, P0, 87, 1695, 8001, 80.12, [N/A], 96
2026/09/11 06:53:04.023, 0, GPU-87701dfa-9023-3c38-a5e1-c4df5064cf56, P0, 88, 1860, 8001, 81.19, [N/A], 95
2026/09/11 06:53:04.231, 0, GPU-87701dfa-9023-3c38-a5e1-c4df5064cf56, P0, 88, 1860, 8001, 81.19, [N/A], 95
2026/09/11 06:53:04.439, 0, GPU-87701dfa-9023-3c38-a5e1-c4df5064cf56, P0, 86, 1785, 8001, 78.05, [N/A], 100
2026/09/11 06:53:04.646, 0, GPU-87701dfa-9023-3c38-a5e1-c4df5064cf56, P0, 86, 1785, 8001, 78.05, [N/A], 100
2026/09/11 06:53:04.854, 0, GPU-87701dfa-9023-3c38-a5e1-c4df5064cf56, P0, 86, 1785, 8001, 78.05, [N/A], 100
2026/09/11 06:53:05.059, 0, GPU-87701dfa-9023-3c38-a5e1-c4df5064cf56, P0, 86, 1890, 8001, 75.39, [N/A], 100
2026/09/11 06:53:05.266, 0, GPU-87701dfa-9023-3c38-a5e1-c4df5064cf56, P0, 86, 1890, 8001, 75.39, [N/A], 100
2026/09/11 06:53:05.473, 0, GPU-87701dfa-9023-3c38-a5e1-c4df5064cf56, P0, 87, 1860, 8001, 74.20, [N/A], 95
2026/09/11 06:53:05.680, 0, GPU-87701dfa-9023-3c38-a5e1-c4df5064cf56, P0, 87, 1860, 8001, 74.20, [N/A], 95
2026/09/11 06:53:05.887, 0, GPU-87701dfa-9023-3c38-a5e1-c4df5064cf56, P0, 92, 2160, 8001, 96.99, [N/A], 95
2026/09/11 06:53:06.091, 0, GPU-87701dfa-9023-3c38-a5e1-c4df5064cf56, P0, 92, 2160, 8001, 96.99, [N/A], 95
2026/09/11 06:53:06.298, 0, GPU-87701dfa-9023-3c38-a5e1-c4df5064cf56, P0, 92, 2160, 8001, 96.99, [N/A], 95
2026/09/11 06:53:06.502, 0, GPU-87701dfa-9023-3c38-a5e1-c4df5064cf56, P0, 85, 1605, 8001, 80.07, [N/A], 96
2026/09/11 06:53:06.710, 0, GPU-87701dfa-9023-3c38-a5e1-c4df5064cf56, P0, 85, 1605, 8001, 80.07, [N/A], 96
2026/09/11 06:53:06.915, 0, GPU-87701dfa-9023-3c38-a5e1-c4df5064cf56, P0, 85, 1710, 8001, 70.63, [N/A], 96
2026/09/11 06:53:07.123, 0, GPU-87701dfa-9023-3c38-a5e1-c4df5064cf56, P0, 85, 1710, 8001, 70.63, [N/A], 96
2026/09/11 06:53:07.329, 0, GPU-87701dfa-9023-3c38-a5e1-c4df5064cf56, P0, 85, 1710, 8001, 70.63, [N/A], 96
2026/09/11 06:53:07.535, 0, GPU-87701dfa-9023-3c38-a5e1-c4df5064cf56, P0, 86, 1860, 8001, 83.93, [N/A], 100
2026/09/11 06:53:07.741, 0, GPU-87701dfa-9023-3c38-a5e1-c4df5064cf56, P0, 86, 1860, 8001, 83.93, [N/A], 100
2026/09/11 06:53:07.948, 0, GPU-87701dfa-9023-3c38-a5e1-c4df5064cf56, P0, 90, 2085, 8001, 82.40, [N/A], 96
2026/09/11 06:53:08.155, 0, GPU-87701dfa-9023-3c38-a5e1-c4df5064cf56, P0, 90, 2085, 8001, 82.40, [N/A], 96
2026/09/11 06:53:08.362, 0, GPU-87701dfa-9023-3c38-a5e1-c4df5064cf56, P0, 86, 1650, 8001, 73.25, [N/A], 95
2026/09/11 06:53:08.568, 0, GPU-87701dfa-9023-3c38-a5e1-c4df5064cf56, P0, 86, 1650, 8001, 73.25, [N/A], 95
2026/09/11 06:53:08.776, 0, GPU-87701dfa-9023-3c38-a5e1-c4df5064cf56, P0, 86, 1650, 8001, 73.25, [N/A], 95
2026/09/11 06:53:08.983, 0, GPU-87701dfa-9023-3c38-a5e1-c4df5064cf56, P0, 87, 1740, 8001, 82.20, [N/A], 96
2026/09/11 06:53:09.191, 0, GPU-87701dfa-9023-3c38-a5e1-c4df5064cf56, P0, 87, 1740, 8001, 82.20, [N/A], 96
2026/09/11 06:53:09.397, 0, GPU-87701dfa-9023-3c38-a5e1-c4df5064cf56, P0, 85, 1605, 8001, 63.82, [N/A], 100
2026/09/11 06:53:09.602, 0, GPU-87701dfa-9023-3c38-a5e1-c4df5064cf56, P0, 85, 1605, 8001, 63.82, [N/A], 100
2026/09/11 06:53:09.810, 0, GPU-87701dfa-9023-3c38-a5e1-c4df5064cf56, P0, 85, 1605, 8001, 63.82, [N/A], 100
2026/09/11 06:53:10.017, 0, GPU-87701dfa-9023-3c38-a5e1-c4df5064cf56, P0, 86, 1815, 8001, 72.47, [N/A], 100
2026/09/11 06:53:10.225, 0, GPU-87701dfa-9023-3c38-a5e1-c4df5064cf56, P0, 86, 1815, 8001, 72.47, [N/A], 100
2026/09/11 06:53:10.431, 0, GPU-87701dfa-9023-3c38-a5e1-c4df5064cf56, P0, 88, 1875, 8001, 74.73, [N/A], 99
2026/09/11 06:53:10.638, 0, GPU-87701dfa-9023-3c38-a5e1-c4df5064cf56, P0, 88, 1875, 8001, 74.73, [N/A], 99
2026/09/11 06:53:10.845, 0, GPU-87701dfa-9023-3c38-a5e1-c4df5064cf56, P0, 88, 1875, 8001, 74.73, [N/A], 99
2026/09/11 06:53:11.051, 0, GPU-87701dfa-9023-3c38-a5e1-c4df5064cf56, P0, 86, 1725, 8001, 69.91, [N/A], 96
2026/09/11 06:53:11.258, 0, GPU-87701dfa-9023-3c38-a5e1-c4df5064cf56, P0, 86, 1725, 8001, 69.91, [N/A], 96
2026/09/11 06:53:11.465, 0, GPU-87701dfa-9023-3c38-a5e1-c4df5064cf56, P0, 87, 1830, 8001, 79.54, [N/A], 95
2026/09/11 06:53:11.672, 0, GPU-87701dfa-9023-3c38-a5e1-c4df5064cf56, P0, 87, 1830, 8001, 79.54, [N/A], 95
2026/09/11 06:53:11.880, 0, GPU-87701dfa-9023-3c38-a5e1-c4df5064cf56, P0, 86, 2235, 8001, 77.30, [N/A], 73
2026/09/11 06:53:12.087, 0, GPU-87701dfa-9023-3c38-a5e1-c4df5064cf56, P0, 86, 2235, 8001, 77.30, [N/A], 73
2026/09/11 06:53:12.294, 0, GPU-87701dfa-9023-3c38-a5e1-c4df5064cf56, P0, 86, 2235, 8001, 77.30, [N/A], 73
2026/09/11 06:53:12.501, 0, GPU-87701dfa-9023-3c38-a5e1-c4df5064cf56, P0, 90, 2325, 8001, 124.63, [N/A], 75
2026/09/11 06:53:12.707, 0, GPU-87701dfa-9023-3c38-a5e1-c4df5064cf56, P0, 90, 2325, 8001, 124.63, [N/A], 75
2026/09/11 06:53:12.914, 0, GPU-87701dfa-9023-3c38-a5e1-c4df5064cf56, P0, 86, 1800, 8001, 75.27, [N/A], 100
2026/09/11 06:53:13.119, 0, GPU-87701dfa-9023-3c38-a5e1-c4df5064cf56, P0, 86, 1800, 8001, 75.27, [N/A], 100
2026/09/11 06:53:13.327, 0, GPU-87701dfa-9023-3c38-a5e1-c4df5064cf56, P0, 86, 1800, 8001, 75.27, [N/A], 100
2026/09/11 06:53:13.534, 0, GPU-87701dfa-9023-3c38-a5e1-c4df5064cf56, P0, 88, 1785, 8001, 80.18, [N/A], 95
2026/09/11 06:53:13.756, 0, GPU-87701dfa-9023-3c38-a5e1-c4df5064cf56, P0, 88, 1785, 8001, 80.18, [N/A], 95
2026/09/11 06:53:13.962, 0, GPU-87701dfa-9023-3c38-a5e1-c4df5064cf56, P0, 86, 1605, 8001, 79.85, [N/A], 95
2026/09/11 06:53:14.169, 0, GPU-87701dfa-9023-3c38-a5e1-c4df5064cf56, P0, 86, 1605, 8001, 79.85, [N/A], 95
2026/09/11 06:53:14.377, 0, GPU-87701dfa-9023-3c38-a5e1-c4df5064cf56, P0, 87, 1920, 8001, 78.61, [N/A], 96
2026/09/11 06:53:14.599, 0, GPU-87701dfa-9023-3c38-a5e1-c4df5064cf56, P0, 87, 1920, 8001, 78.61, [N/A], 96
2026/09/11 06:53:14.806, 0, GPU-87701dfa-9023-3c38-a5e1-c4df5064cf56, P0, 87, 1920, 8001, 78.61, [N/A], 96
2026/09/11 06:53:15.014, 0, GPU-87701dfa-9023-3c38-a5e1-c4df5064cf56, P0, 87, 1935, 8001, 83.63, [N/A], 100
2026/09/11 06:53:15.222, 0, GPU-87701dfa-9023-3c38-a5e1-c4df5064cf56, P0, 87, 1935, 8001, 83.63, [N/A], 100
2026/09/11 06:53:15.429, 0, GPU-87701dfa-9023-3c38-a5e1-c4df5064cf56, P0, 88, 1395, 8001, 94.43, [N/A], 95
2026/09/11 06:53:15.653, 0, GPU-87701dfa-9023-3c38-a5e1-c4df5064cf56, P0, 88, 1395, 8001, 94.43, [N/A], 95
2026/09/11 06:53:15.860, 0, GPU-87701dfa-9023-3c38-a5e1-c4df5064cf56, P0, 88, 1395, 8001, 94.43, [N/A], 95
2026/09/11 06:53:16.065, 0, GPU-87701dfa-9023-3c38-a5e1-c4df5064cf56, P0, 86, 1605, 8001, 64.32, [N/A], 96
2026/09/11 06:53:16.271, 0, GPU-87701dfa-9023-3c38-a5e1-c4df5064cf56, P0, 86, 1605, 8001, 64.32, [N/A], 96
2026/09/11 06:53:16.477, 0, GPU-87701dfa-9023-3c38-a5e1-c4df5064cf56, P0, 88, 1875, 8001, 82.27, [N/A], 95
2026/09/11 06:53:16.683, 0, GPU-87701dfa-9023-3c38-a5e1-c4df5064cf56, P0, 88, 1875, 8001, 82.27, [N/A], 95
2026/09/11 06:53:16.889, 0, GPU-87701dfa-9023-3c38-a5e1-c4df5064cf56, P0, 85, 1665, 8001, 70.74, [N/A], 96
2026/09/11 06:53:17.095, 0, GPU-87701dfa-9023-3c38-a5e1-c4df5064cf56, P0, 85, 1665, 8001, 70.74, [N/A], 96
2026/09/11 06:53:17.302, 0, GPU-87701dfa-9023-3c38-a5e1-c4df5064cf56, P0, 85, 1665, 8001, 70.74, [N/A], 96
2026/09/11 06:53:17.509, 0, GPU-87701dfa-9023-3c38-a5e1-c4df5064cf56, P0, 86, 1815, 8001, 72.94, [N/A], 98
2026/09/11 06:53:17.717, 0, GPU-87701dfa-9023-3c38-a5e1-c4df5064cf56, P0, 86, 1815, 8001, 72.94, [N/A], 98
2026/09/11 06:53:17.924, 0, GPU-87701dfa-9023-3c38-a5e1-c4df5064cf56, P0, 85, 1815, 8001, 75.96, [N/A], 100
2026/09/11 06:53:18.130, 0, GPU-87701dfa-9023-3c38-a5e1-c4df5064cf56, P0, 85, 1815, 8001, 75.96, [N/A], 100
2026/09/11 06:53:18.336, 0, GPU-87701dfa-9023-3c38-a5e1-c4df5064cf56, P0, 85, 1815, 8001, 75.96, [N/A], 100
2026/09/11 06:53:18.543, 0, GPU-87701dfa-9023-3c38-a5e1-c4df5064cf56, P0, 90, 2070, 8001, 72.98, [N/A], 96
2026/09/11 06:53:18.750, 0, GPU-87701dfa-9023-3c38-a5e1-c4df5064cf56, P0, 90, 2070, 8001, 72.98, [N/A], 96
2026/09/11 06:53:18.956, 0, GPU-87701dfa-9023-3c38-a5e1-c4df5064cf56, P0, 86, 1770, 8001, 78.66, [N/A], 96
2026/09/11 06:53:19.162, 0, GPU-87701dfa-9023-3c38-a5e1-c4df5064cf56, P0, 86, 1770, 8001, 78.66, [N/A], 96
2026/09/11 06:53:19.366, 0, GPU-87701dfa-9023-3c38-a5e1-c4df5064cf56, P0, 87, 1785, 8001, 92.18, [N/A], 96
2026/09/11 06:53:19.573, 0, GPU-87701dfa-9023-3c38-a5e1-c4df5064cf56, P0, 87, 1785, 8001, 92.18, [N/A], 96
2026/09/11 06:53:19.779, 0, GPU-87701dfa-9023-3c38-a5e1-c4df5064cf56, P0, 87, 1785, 8001, 92.18, [N/A], 96
2026/09/11 06:53:19.985, 0, GPU-87701dfa-9023-3c38-a5e1-c4df5064cf56, P0, 85, 1605, 8001, 68.29, [N/A], 96
2026/09/11 06:53:20.191, 0, GPU-87701dfa-9023-3c38-a5e1-c4df5064cf56, P0, 85, 1605, 8001, 68.29, [N/A], 96
2026/09/11 06:53:20.397, 0, GPU-87701dfa-9023-3c38-a5e1-c4df5064cf56, P0, 86, 1785, 8001, 67.84, [N/A], 95
2026/09/11 06:53:20.604, 0, GPU-87701dfa-9023-3c38-a5e1-c4df5064cf56, P0, 86, 1785, 8001, 67.84, [N/A], 95
2026/09/11 06:53:20.810, 0, GPU-87701dfa-9023-3c38-a5e1-c4df5064cf56, P0, 86, 1785, 8001, 67.84, [N/A], 95
2026/09/11 06:53:21.015, 0, GPU-87701dfa-9023-3c38-a5e1-c4df5064cf56, P0, 86, 1770, 8001, 73.32, [N/A], 100
2026/09/11 06:53:21.222, 0, GPU-87701dfa-9023-3c38-a5e1-c4df5064cf56, P0, 86, 1770, 8001, 73.32, [N/A], 100
2026/09/11 06:53:21.428, 0, GPU-87701dfa-9023-3c38-a5e1-c4df5064cf56, P0, 85, 1695, 8001, 73.56, [N/A], 100
2026/09/11 06:53:21.634, 0, GPU-87701dfa-9023-3c38-a5e1-c4df5064cf56, P0, 85, 1695, 8001, 73.56, [N/A], 100
2026/09/11 06:53:21.840, 0, GPU-87701dfa-9023-3c38-a5e1-c4df5064cf56, P0, 85, 1695, 8001, 73.56, [N/A], 100
2026/09/11 06:53:22.047, 0, GPU-87701dfa-9023-3c38-a5e1-c4df5064cf56, P0, 87, 1785, 8001, 74.40, [N/A], 100
2026/09/11 06:53:22.254, 0, GPU-87701dfa-9023-3c38-a5e1-c4df5064cf56, P0, 87, 1785, 8001, 74.40, [N/A], 100
2026/09/11 06:53:22.461, 0, GPU-87701dfa-9023-3c38-a5e1-c4df5064cf56, P0, 87, 1950, 8001, 74.06, [N/A], 96
2026/09/11 06:53:22.667, 0, GPU-87701dfa-9023-3c38-a5e1-c4df5064cf56, P0, 87, 1950, 8001, 74.06, [N/A], 96
2026/09/11 06:53:22.874, 0, GPU-87701dfa-9023-3c38-a5e1-c4df5064cf56, P0, 90, 2145, 8001, 95.67, [N/A], 96
2026/09/11 06:53:23.081, 0, GPU-87701dfa-9023-3c38-a5e1-c4df5064cf56, P0, 90, 2145, 8001, 95.67, [N/A], 96
2026/09/11 06:53:23.288, 0, GPU-87701dfa-9023-3c38-a5e1-c4df5064cf56, P0, 90, 2145, 8001, 95.67, [N/A], 96
2026/09/11 06:53:23.528, 0, GPU-87701dfa-9023-3c38-a5e1-c4df5064cf56, P0, 87, 1650, 8001, 78.16, [N/A], 100
2026/09/11 06:53:23.733, 0, GPU-87701dfa-9023-3c38-a5e1-c4df5064cf56, P0, 87, 1650, 8001, 78.16, [N/A], 100
2026/09/11 06:53:23.940, 0, GPU-87701dfa-9023-3c38-a5e1-c4df5064cf56, P0, 85, 1770, 8001, 71.03, [N/A], 100
2026/09/11 06:53:24.147, 0, GPU-87701dfa-9023-3c38-a5e1-c4df5064cf56, P0, 85, 1770, 8001, 71.03, [N/A], 100
2026/09/11 06:53:24.353, 0, GPU-87701dfa-9023-3c38-a5e1-c4df5064cf56, P0, 85, 1770, 8001, 71.03, [N/A], 100
2026/09/11 06:53:24.559, 0, GPU-87701dfa-9023-3c38-a5e1-c4df5064cf56, P0, 87, 1770, 8001, 69.76, [N/A], 99
2026/09/11 06:53:24.767, 0, GPU-87701dfa-9023-3c38-a5e1-c4df5064cf56, P0, 87, 1770, 8001, 69.76, [N/A], 99
2026/09/11 06:53:24.974, 0, GPU-87701dfa-9023-3c38-a5e1-c4df5064cf56, P0, 86, 1605, 8001, 76.25, [N/A], 95
2026/09/11 06:53:25.182, 0, GPU-87701dfa-9023-3c38-a5e1-c4df5064cf56, P0, 86, 1605, 8001, 76.25, [N/A], 95
2026/09/11 06:53:25.388, 0, GPU-87701dfa-9023-3c38-a5e1-c4df5064cf56, P0, 87, 1770, 8001, 80.89, [N/A], 95
2026/09/11 06:53:25.594, 0, GPU-87701dfa-9023-3c38-a5e1-c4df5064cf56, P0, 87, 1770, 8001, 80.89, [N/A], 95
2026/09/11 06:53:25.801, 0, GPU-87701dfa-9023-3c38-a5e1-c4df5064cf56, P0, 87, 1770, 8001, 80.89, [N/A], 95
2026/09/11 06:53:26.008, 0, GPU-87701dfa-9023-3c38-a5e1-c4df5064cf56, P0, 87, 1875, 8001, 79.86, [N/A], 95
2026/09/11 06:53:26.216, 0, GPU-87701dfa-9023-3c38-a5e1-c4df5064cf56, P0, 87, 1875, 8001, 79.86, [N/A], 95
2026/09/11 06:53:26.423, 0, GPU-87701dfa-9023-3c38-a5e1-c4df5064cf56, P0, 87, 1815, 8001, 77.07, [N/A], 100
2026/09/11 06:53:26.630, 0, GPU-87701dfa-9023-3c38-a5e1-c4df5064cf56, P0, 87, 1815, 8001, 77.07, [N/A], 100
2026/09/11 06:53:26.838, 0, GPU-87701dfa-9023-3c38-a5e1-c4df5064cf56, P0, 87, 1815, 8001, 77.07, [N/A], 100
2026/09/11 06:53:27.045, 0, GPU-87701dfa-9023-3c38-a5e1-c4df5064cf56, P0, 85, 1770, 8001, 73.72, [N/A], 100
2026/09/11 06:53:27.252, 0, GPU-87701dfa-9023-3c38-a5e1-c4df5064cf56, P0, 85, 1770, 8001, 73.72, [N/A], 100
2026/09/11 06:53:27.458, 0, GPU-87701dfa-9023-3c38-a5e1-c4df5064cf56, P0, 85, 1605, 8001, 61.13, [N/A], 94
2026/09/11 06:53:27.666, 0, GPU-87701dfa-9023-3c38-a5e1-c4df5064cf56, P0, 85, 1605, 8001, 61.13, [N/A], 94
2026/09/11 06:53:27.874, 0, GPU-87701dfa-9023-3c38-a5e1-c4df5064cf56, P0, 85, 1605, 8001, 65.80, [N/A], 95
2026/09/11 06:53:28.081, 0, GPU-87701dfa-9023-3c38-a5e1-c4df5064cf56, P0, 85, 1605, 8001, 65.80, [N/A], 95
2026/09/11 06:53:28.288, 0, GPU-87701dfa-9023-3c38-a5e1-c4df5064cf56, P0, 85, 1605, 8001, 65.80, [N/A], 95
2026/09/11 06:53:28.495, 0, GPU-87701dfa-9023-3c38-a5e1-c4df5064cf56, P0, 86, 1725, 8001, 74.98, [N/A], 96
2026/09/11 06:53:28.702, 0, GPU-87701dfa-9023-3c38-a5e1-c4df5064cf56, P0, 86, 1725, 8001, 74.98, [N/A], 96
2026/09/11 06:53:28.906, 0, GPU-87701dfa-9023-3c38-a5e1-c4df5064cf56, P0, 87, 1845, 8001, 84.31, [N/A], 95
2026/09/11 06:53:29.110, 0, GPU-87701dfa-9023-3c38-a5e1-c4df5064cf56, P0, 87, 1845, 8001, 84.31, [N/A], 95
2026/09/11 06:53:29.317, 0, GPU-87701dfa-9023-3c38-a5e1-c4df5064cf56, P0, 87, 1845, 8001, 84.31, [N/A], 95
2026/09/11 06:53:29.523, 0, GPU-87701dfa-9023-3c38-a5e1-c4df5064cf56, P0, 86, 1800, 8001, 70.38, [N/A], 95
2026/09/11 06:53:29.730, 0, GPU-87701dfa-9023-3c38-a5e1-c4df5064cf56, P0, 86, 1800, 8001, 70.38, [N/A], 95
2026/09/11 06:53:29.937, 0, GPU-87701dfa-9023-3c38-a5e1-c4df5064cf56, P0, 87, 1950, 8001, 91.19, [N/A], 100
2026/09/11 06:53:30.145, 0, GPU-87701dfa-9023-3c38-a5e1-c4df5064cf56, P0, 87, 1950, 8001, 91.19, [N/A], 100
2026/09/11 06:53:30.350, 0, GPU-87701dfa-9023-3c38-a5e1-c4df5064cf56, P0, 87, 1950, 8001, 91.19, [N/A], 100
2026/09/11 06:53:30.557, 0, GPU-87701dfa-9023-3c38-a5e1-c4df5064cf56, P0, 89, 1695, 8001, 75.81, [N/A], 96
2026/09/11 06:53:30.765, 0, GPU-87701dfa-9023-3c38-a5e1-c4df5064cf56, P0, 89, 1695, 8001, 75.81, [N/A], 96
2026/09/11 06:53:30.973, 0, GPU-87701dfa-9023-3c38-a5e1-c4df5064cf56, P0, 87, 1800, 8001, 81.90, [N/A], 95
2026/09/11 06:53:31.178, 0, GPU-87701dfa-9023-3c38-a5e1-c4df5064cf56, P0, 87, 1800, 8001, 81.90, [N/A], 95
2026/09/11 06:53:31.385, 0, GPU-87701dfa-9023-3c38-a5e1-c4df5064cf56, P0, 86, 1770, 8001, 71.62, [N/A], 95
2026/09/11 06:53:31.591, 0, GPU-87701dfa-9023-3c38-a5e1-c4df5064cf56, P0, 86, 1770, 8001, 71.62, [N/A], 95
2026/09/11 06:53:31.797, 0, GPU-87701dfa-9023-3c38-a5e1-c4df5064cf56, P0, 86, 1770, 8001, 71.62, [N/A], 95
2026/09/11 06:53:32.002, 0, GPU-87701dfa-9023-3c38-a5e1-c4df5064cf56, P0, 87, 1830, 8001, 76.46, [N/A], 96
2026/09/11 06:53:32.209, 0, GPU-87701dfa-9023-3c38-a5e1-c4df5064cf56, P0, 87, 1830, 8001, 76.46, [N/A], 96
2026/09/11 06:53:32.416, 0, GPU-87701dfa-9023-3c38-a5e1-c4df5064cf56, P0, 88, 1905, 8001, 86.71, [N/A], 100
2026/09/11 06:53:32.623, 0, GPU-87701dfa-9023-3c38-a5e1-c4df5064cf56, P0, 88, 1905, 8001, 86.71, [N/A], 100
2026/09/11 06:53:32.829, 0, GPU-87701dfa-9023-3c38-a5e1-c4df5064cf56, P0, 88, 1905, 8001, 86.71, [N/A], 100
2026/09/11 06:53:33.036, 0, GPU-87701dfa-9023-3c38-a5e1-c4df5064cf56, P0, 88, 1875, 8001, 73.20, [N/A], 95
2026/09/11 06:53:33.244, 0, GPU-87701dfa-9023-3c38-a5e1-c4df5064cf56, P0, 88, 1875, 8001, 73.20, [N/A], 95
2026/09/11 06:53:33.451, 0, GPU-87701dfa-9023-3c38-a5e1-c4df5064cf56, P0, 88, 1785, 8001, 81.93, [N/A], 95
2026/09/11 06:53:33.659, 0, GPU-87701dfa-9023-3c38-a5e1-c4df5064cf56, P0, 88, 1785, 8001, 81.93, [N/A], 95
2026/09/11 06:53:33.866, 0, GPU-87701dfa-9023-3c38-a5e1-c4df5064cf56, P0, 88, 1785, 8001, 81.93, [N/A], 95
2026/09/11 06:53:34.073, 0, GPU-87701dfa-9023-3c38-a5e1-c4df5064cf56, P0, 85, 1620, 8001, 73.36, [N/A], 95
2026/09/11 06:53:34.281, 0, GPU-87701dfa-9023-3c38-a5e1-c4df5064cf56, P0, 85, 1620, 8001, 73.36, [N/A], 95
2026/09/11 06:53:34.488, 0, GPU-87701dfa-9023-3c38-a5e1-c4df5064cf56, P0, 86, 1740, 8001, 73.36, [N/A], 95
2026/09/11 06:53:34.697, 0, GPU-87701dfa-9023-3c38-a5e1-c4df5064cf56, P0, 86, 1740, 8001, 73.36, [N/A], 95
2026/09/11 06:53:34.902, 0, GPU-87701dfa-9023-3c38-a5e1-c4df5064cf56, P0, 88, 1875, 8001, 80.10, [N/A], 100
2026/09/11 06:53:35.107, 0, GPU-87701dfa-9023-3c38-a5e1-c4df5064cf56, P0, 88, 1875, 8001, 80.10, [N/A], 100
2026/09/11 06:53:35.314, 0, GPU-87701dfa-9023-3c38-a5e1-c4df5064cf56, P0, 88, 1875, 8001, 80.10, [N/A], 100
2026/09/11 06:53:35.521, 0, GPU-87701dfa-9023-3c38-a5e1-c4df5064cf56, P0, 87, 1905, 8001, 74.38, [N/A], 100
2026/09/11 06:53:35.727, 0, GPU-87701dfa-9023-3c38-a5e1-c4df5064cf56, P0, 87, 1905, 8001, 74.38, [N/A], 100
2026/09/11 06:53:35.934, 0, GPU-87701dfa-9023-3c38-a5e1-c4df5064cf56, P0, 88, 1680, 8001, 73.31, [N/A], 95
2026/09/11 06:53:36.142, 0, GPU-87701dfa-9023-3c38-a5e1-c4df5064cf56, P0, 88, 1680, 8001, 73.31, [N/A], 95
2026/09/11 06:53:36.350, 0, GPU-87701dfa-9023-3c38-a5e1-c4df5064cf56, P0, 88, 1680, 8001, 73.31, [N/A], 95
2026/09/11 06:53:36.556, 0, GPU-87701dfa-9023-3c38-a5e1-c4df5064cf56, P0, 87, 1695, 8001, 74.40, [N/A], 95
2026/09/11 06:53:36.764, 0, GPU-87701dfa-9023-3c38-a5e1-c4df5064cf56, P0, 87, 1695, 8001, 74.40, [N/A], 95
2026/09/11 06:53:36.970, 0, GPU-87701dfa-9023-3c38-a5e1-c4df5064cf56, P0, 87, 1860, 8001, 83.51, [N/A], 96
2026/09/11 06:53:37.177, 0, GPU-87701dfa-9023-3c38-a5e1-c4df5064cf56, P0, 87, 1860, 8001, 83.51, [N/A], 96
2026/09/11 06:53:37.384, 0, GPU-87701dfa-9023-3c38-a5e1-c4df5064cf56, P0, 87, 1860, 8001, 73.39, [N/A], 96
2026/09/11 06:53:37.587, 0, GPU-87701dfa-9023-3c38-a5e1-c4df5064cf56, P0, 87, 1860, 8001, 73.39, [N/A], 96
2026/09/11 06:53:37.794, 0, GPU-87701dfa-9023-3c38-a5e1-c4df5064cf56, P0, 87, 1860, 8001, 73.39, [N/A], 96
2026/09/11 06:53:38.001, 0, GPU-87701dfa-9023-3c38-a5e1-c4df5064cf56, P0, 85, 1725, 8001, 69.88, [N/A], 100
2026/09/11 06:53:38.207, 0, GPU-87701dfa-9023-3c38-a5e1-c4df5064cf56, P0, 85, 1725, 8001, 69.88, [N/A], 100
2026/09/11 06:53:38.414, 0, GPU-87701dfa-9023-3c38-a5e1-c4df5064cf56, P0, 86, 1800, 8001, 71.94, [N/A], 100
2026/09/11 06:53:38.620, 0, GPU-87701dfa-9023-3c38-a5e1-c4df5064cf56, P0, 86, 1800, 8001, 71.94, [N/A], 100
2026/09/11 06:53:38.826, 0, GPU-87701dfa-9023-3c38-a5e1-c4df5064cf56, P0, 86, 1800, 8001, 71.94, [N/A], 100
2026/09/11 06:53:39.033, 0, GPU-87701dfa-9023-3c38-a5e1-c4df5064cf56, P0, 90, 1815, 8001, 77.50, [N/A], 95
2026/09/11 06:53:39.238, 0, GPU-87701dfa-9023-3c38-a5e1-c4df5064cf56, P0, 90, 1815, 8001, 77.50, [N/A], 95
2026/09/11 06:53:39.445, 0, GPU-87701dfa-9023-3c38-a5e1-c4df5064cf56, P0, 86, 1695, 8001, 79.24, [N/A], 95
2026/09/11 06:53:39.651, 0, GPU-87701dfa-9023-3c38-a5e1-c4df5064cf56, P0, 86, 1695, 8001, 79.24, [N/A], 95
2026/09/11 06:53:39.857, 0, GPU-87701dfa-9023-3c38-a5e1-c4df5064cf56, P0, 86, 1695, 8001, 79.24, [N/A], 95
2026/09/11 06:53:40.064, 0, GPU-87701dfa-9023-3c38-a5e1-c4df5064cf56, P0, 86, 1815, 8001, 77.41, [N/A], 96
2026/09/11 06:53:40.269, 0, GPU-87701dfa-9023-3c38-a5e1-c4df5064cf56, P0, 86, 1815, 8001, 77.41, [N/A], 96
2026/09/11 06:53:40.475, 0, GPU-87701dfa-9023-3c38-a5e1-c4df5064cf56, P0, 85, 1605, 8001, 72.39, [N/A], 96
2026/09/11 06:53:40.680, 0, GPU-87701dfa-9023-3c38-a5e1-c4df5064cf56, P0, 85, 1605, 8001, 72.39, [N/A], 96
2026/09/11 06:53:40.886, 0, GPU-87701dfa-9023-3c38-a5e1-c4df5064cf56, P0, 85, 1740, 8001, 71.71, [N/A], 95
2026/09/11 06:53:41.092, 0, GPU-87701dfa-9023-3c38-a5e1-c4df5064cf56, P0, 85, 1740, 8001, 71.71, [N/A], 95
2026/09/11 06:53:41.299, 0, GPU-87701dfa-9023-3c38-a5e1-c4df5064cf56, P0, 85, 1740, 8001, 71.71, [N/A], 95
2026/09/11 06:53:41.521, 0, GPU-87701dfa-9023-3c38-a5e1-c4df5064cf56, P0, 86, 1770, 8001, 64.55, [N/A], 100
2026/09/11 06:53:41.729, 0, GPU-87701dfa-9023-3c38-a5e1-c4df5064cf56, P0, 86, 1770, 8001, 64.55, [N/A], 100
2026/09/11 06:53:41.935, 0, GPU-87701dfa-9023-3c38-a5e1-c4df5064cf56, P0, 88, 2085, 8001, 80.94, [N/A], 100
2026/09/11 06:53:42.143, 0, GPU-87701dfa-9023-3c38-a5e1-c4df5064cf56, P0, 88, 2085, 8001, 80.94, [N/A], 100
2026/09/11 06:53:42.350, 0, GPU-87701dfa-9023-3c38-a5e1-c4df5064cf56, P0, 88, 2085, 8001, 80.94, [N/A], 100
2026/09/11 06:53:42.558, 0, GPU-87701dfa-9023-3c38-a5e1-c4df5064cf56, P0, 87, 1620, 8001, 67.57, [N/A], 95
2026/09/11 06:53:42.766, 0, GPU-87701dfa-9023-3c38-a5e1-c4df5064cf56, P0, 87, 1620, 8001, 67.57, [N/A], 95
2026/09/11 06:53:42.973, 0, GPU-87701dfa-9023-3c38-a5e1-c4df5064cf56, P0, 86, 1695, 8001, 72.71, [N/A], 96
2026/09/11 06:53:43.181, 0, GPU-87701dfa-9023-3c38-a5e1-c4df5064cf56, P0, 86, 1695, 8001, 72.71, [N/A], 96
2026/09/11 06:53:43.389, 0, GPU-87701dfa-9023-3c38-a5e1-c4df5064cf56, P0, 87, 1740, 8001, 75.38, [N/A], 96
2026/09/11 06:53:43.594, 0, GPU-87701dfa-9023-3c38-a5e1-c4df5064cf56, P0, 87, 1740, 8001, 75.38, [N/A], 96
2026/09/11 06:53:43.801, 0, GPU-87701dfa-9023-3c38-a5e1-c4df5064cf56, P0, 87, 1740, 8001, 75.38, [N/A], 96
2026/09/11 06:53:44.008, 0, GPU-87701dfa-9023-3c38-a5e1-c4df5064cf56, P0, 86, 2310, 8001, 66.99, [N/A], 74
2026/09/11 06:53:44.213, 0, GPU-87701dfa-9023-3c38-a5e1-c4df5064cf56, P0, 86, 2310, 8001, 66.99, [N/A], 74
2026/09/11 06:53:44.420, 0, GPU-87701dfa-9023-3c38-a5e1-c4df5064cf56, P0, 79, 2490, 8001, 37.89, [N/A], 0
2026/09/11 06:53:44.673, 0, GPU-87701dfa-9023-3c38-a5e1-c4df5064cf56, P0, 79, 2490, 8001, 37.89, [N/A], 0
2026/09/11 06:53:44.877, 0, GPU-87701dfa-9023-3c38-a5e1-c4df5064cf56, P0, 92, 2160, 8001, 110.38, [N/A], 98
2026/09/11 06:53:45.085, 0, GPU-87701dfa-9023-3c38-a5e1-c4df5064cf56, P0, 92, 2160, 8001, 110.38, [N/A], 98
2026/09/11 06:53:45.309, 0, GPU-87701dfa-9023-3c38-a5e1-c4df5064cf56, P0, 92, 2160, 8001, 110.38, [N/A], 98
2026/09/11 06:53:45.515, 0, GPU-87701dfa-9023-3c38-a5e1-c4df5064cf56, P0, 87, 1605, 8001, 85.38, [N/A], 95
2026/09/11 06:53:45.723, 0, GPU-87701dfa-9023-3c38-a5e1-c4df5064cf56, P0, 87, 1605, 8001, 85.38, [N/A], 95
2026/09/11 06:53:45.928, 0, GPU-87701dfa-9023-3c38-a5e1-c4df5064cf56, P0, 85, 1605, 8001, 74.98, [N/A], 96
2026/09/11 06:53:46.136, 0, GPU-87701dfa-9023-3c38-a5e1-c4df5064cf56, P0, 85, 1605, 8001, 74.98, [N/A], 96
2026/09/11 06:53:46.343, 0, GPU-87701dfa-9023-3c38-a5e1-c4df5064cf56, P0, 85, 1605, 8001, 74.98, [N/A], 96
2026/09/11 06:53:46.550, 0, GPU-87701dfa-9023-3c38-a5e1-c4df5064cf56, P0, 86, 1785, 8001, 73.99, [N/A], 96
2026/09/11 06:53:46.757, 0, GPU-87701dfa-9023-3c38-a5e1-c4df5064cf56, P0, 86, 1785, 8001, 73.99, [N/A], 96
2026/09/11 06:53:46.964, 0, GPU-87701dfa-9023-3c38-a5e1-c4df5064cf56, P0, 87, 1785, 8001, 74.41, [N/A], 98
2026/09/11 06:53:47.173, 0, GPU-87701dfa-9023-3c38-a5e1-c4df5064cf56, P0, 87, 1785, 8001, 74.41, [N/A], 98
2026/09/11 06:53:47.379, 0, GPU-87701dfa-9023-3c38-a5e1-c4df5064cf56, P0, 86, 1965, 8001, 75.71, [N/A], 100
2026/09/11 06:53:47.586, 0, GPU-87701dfa-9023-3c38-a5e1-c4df5064cf56, P0, 86, 1965, 8001, 75.71, [N/A], 100
2026/09/11 06:53:47.793, 0, GPU-87701dfa-9023-3c38-a5e1-c4df5064cf56, P0, 86, 1965, 8001, 75.71, [N/A], 100
2026/09/11 06:53:47.999, 0, GPU-87701dfa-9023-3c38-a5e1-c4df5064cf56, P0, 88, 1950, 8001, 75.36, [N/A], 100
2026/09/11 06:53:48.206, 0, GPU-87701dfa-9023-3c38-a5e1-c4df5064cf56, P0, 88, 1950, 8001, 75.36, [N/A], 100
2026/09/11 06:53:48.414, 0, GPU-87701dfa-9023-3c38-a5e1-c4df5064cf56, P0, 88, 1920, 8001, 72.92, [N/A], 96
2026/09/11 06:53:48.621, 0, GPU-87701dfa-9023-3c38-a5e1-c4df5064cf56, P0, 88, 1920, 8001, 72.92, [N/A], 96
2026/09/11 06:53:48.829, 0, GPU-87701dfa-9023-3c38-a5e1-c4df5064cf56, P0, 88, 1920, 8001, 72.92, [N/A], 96
2026/09/11 06:53:49.034, 0, GPU-87701dfa-9023-3c38-a5e1-c4df5064cf56, P0, 86, 1605, 8001, 67.38, [N/A], 95
2026/09/11 06:53:49.242, 0, GPU-87701dfa-9023-3c38-a5e1-c4df5064cf56, P0, 86, 1605, 8001, 67.38, [N/A], 95
2026/09/11 06:53:49.449, 0, GPU-87701dfa-9023-3c38-a5e1-c4df5064cf56, P0, 86, 1725, 8001, 75.07, [N/A], 95
2026/09/11 06:53:49.655, 0, GPU-87701dfa-9023-3c38-a5e1-c4df5064cf56, P0, 86, 1725, 8001, 75.07, [N/A], 95
2026/09/11 06:53:49.862, 0, GPU-87701dfa-9023-3c38-a5e1-c4df5064cf56, P0, 86, 1725, 8001, 75.07, [N/A], 95
2026/09/11 06:53:50.069, 0, GPU-87701dfa-9023-3c38-a5e1-c4df5064cf56, P0, 87, 1815, 8001, 72.35, [N/A], 95
2026/09/11 06:53:50.277, 0, GPU-87701dfa-9023-3c38-a5e1-c4df5064cf56, P0, 87, 1815, 8001, 72.35, [N/A], 95
2026/09/11 06:53:50.484, 0, GPU-87701dfa-9023-3c38-a5e1-c4df5064cf56, P0, 85, 1605, 8001, 67.29, [N/A], 95
2026/09/11 06:53:50.691, 0, GPU-87701dfa-9023-3c38-a5e1-c4df5064cf56, P0, 85, 1605, 8001, 67.29, [N/A], 95
2026/09/11 06:53:50.899, 0, GPU-87701dfa-9023-3c38-a5e1-c4df5064cf56, P0, 86, 1770, 8001, 68.20, [N/A], 95
2026/09/11 06:53:51.104, 0, GPU-87701dfa-9023-3c38-a5e1-c4df5064cf56, P0, 86, 1770, 8001, 68.20, [N/A], 95
2026/09/11 06:53:51.311, 0, GPU-87701dfa-9023-3c38-a5e1-c4df5064cf56, P0, 86, 1770, 8001, 68.20, [N/A], 95
2026/09/11 06:53:51.519, 0, GPU-87701dfa-9023-3c38-a5e1-c4df5064cf56, P0, 86, 1785, 8001, 72.56, [N/A], 100
2026/09/11 06:53:51.726, 0, GPU-87701dfa-9023-3c38-a5e1-c4df5064cf56, P0, 86, 1785, 8001, 72.56, [N/A], 100
2026/09/11 06:53:51.933, 0, GPU-87701dfa-9023-3c38-a5e1-c4df5064cf56, P0, 87, 1740, 8001, 71.38, [N/A], 100
2026/09/11 06:53:52.140, 0, GPU-87701dfa-9023-3c38-a5e1-c4df5064cf56, P0, 87, 1740, 8001, 71.38, [N/A], 100
2026/09/11 06:53:52.345, 0, GPU-87701dfa-9023-3c38-a5e1-c4df5064cf56, P0, 87, 1740, 8001, 71.38, [N/A], 100
2026/09/11 06:53:52.551, 0, GPU-87701dfa-9023-3c38-a5e1-c4df5064cf56, P0, 87, 1620, 8001, 65.94, [N/A], 96
2026/09/11 06:53:52.759, 0, GPU-87701dfa-9023-3c38-a5e1-c4df5064cf56, P0, 87, 1620, 8001, 65.94, [N/A], 96
2026/09/11 06:53:52.964, 0, GPU-87701dfa-9023-3c38-a5e1-c4df5064cf56, P0, 88, 1695, 8001, 73.01, [N/A], 96
2026/09/11 06:53:53.169, 0, GPU-87701dfa-9023-3c38-a5e1-c4df5064cf56, P0, 88, 1695, 8001, 73.01, [N/A], 96
2026/09/11 06:53:53.376, 0, GPU-87701dfa-9023-3c38-a5e1-c4df5064cf56, P0, 86, 1605, 8001, 74.88, [N/A], 95
2026/09/11 06:53:53.583, 0, GPU-87701dfa-9023-3c38-a5e1-c4df5064cf56, P0, 86, 1605, 8001, 74.88, [N/A], 95
2026/09/11 06:53:53.790, 0, GPU-87701dfa-9023-3c38-a5e1-c4df5064cf56, P0, 86, 1605, 8001, 74.88, [N/A], 95
2026/09/11 06:53:53.997, 0, GPU-87701dfa-9023-3c38-a5e1-c4df5064cf56, P0, 86, 1815, 8001, 78.33, [N/A], 95
2026/09/11 06:53:54.236, 0, GPU-87701dfa-9023-3c38-a5e1-c4df5064cf56, P0, 86, 1815, 8001, 78.33, [N/A], 95
2026/09/11 06:53:54.441, 0, GPU-87701dfa-9023-3c38-a5e1-c4df5064cf56, P0, 88, 1875, 8001, 79.33, [N/A], 97
2026/09/11 06:53:54.664, 0, GPU-87701dfa-9023-3c38-a5e1-c4df5064cf56, P0, 88, 1875, 8001, 79.33, [N/A], 97
2026/09/11 06:53:54.873, 0, GPU-87701dfa-9023-3c38-a5e1-c4df5064cf56, P0, 85, 1890, 8001, 73.26, [N/A], 100
2026/09/11 06:53:55.079, 0, GPU-87701dfa-9023-3c38-a5e1-c4df5064cf56, P0, 85, 1890, 8001, 73.26, [N/A], 100
2026/09/11 06:53:55.287, 0, GPU-87701dfa-9023-3c38-a5e1-c4df5064cf56, P0, 85, 1890, 8001, 73.26, [N/A], 100
2026/09/11 06:53:55.493, 0, GPU-87701dfa-9023-3c38-a5e1-c4df5064cf56, P0, 87, 1785, 8001, 73.22, [N/A], 100
2026/09/11 06:53:55.700, 0, GPU-87701dfa-9023-3c38-a5e1-c4df5064cf56, P0, 87, 1785, 8001, 73.22, [N/A], 100
2026/09/11 06:53:55.906, 0, GPU-87701dfa-9023-3c38-a5e1-c4df5064cf56, P0, 87, 1785, 8001, 55.79, [N/A], 52
2026/09/11 06:53:56.113, 0, GPU-87701dfa-9023-3c38-a5e1-c4df5064cf56, P0, 87, 1785, 8001, 55.79, [N/A], 52
2026/09/11 06:53:56.321, 0, GPU-87701dfa-9023-3c38-a5e1-c4df5064cf56, P0, 87, 1785, 8001, 55.79, [N/A], 52
2026/09/11 06:53:56.527, 0, GPU-87701dfa-9023-3c38-a5e1-c4df5064cf56, P0, 85, 1710, 8001, 73.22, [N/A], 96
2026/09/11 06:53:56.734, 0, GPU-87701dfa-9023-3c38-a5e1-c4df5064cf56, P0, 85, 1710, 8001, 73.22, [N/A], 96
2026/09/11 06:53:56.940, 0, GPU-87701dfa-9023-3c38-a5e1-c4df5064cf56, P0, 87, 1785, 8001, 72.73, [N/A], 100
2026/09/11 06:53:57.146, 0, GPU-87701dfa-9023-3c38-a5e1-c4df5064cf56, P0, 87, 1785, 8001, 72.73, [N/A], 100
2026/09/11 06:53:57.352, 0, GPU-87701dfa-9023-3c38-a5e1-c4df5064cf56, P0, 87, 1785, 8001, 72.73, [N/A], 100
2026/09/11 06:53:57.560, 0, GPU-87701dfa-9023-3c38-a5e1-c4df5064cf56, P0, 86, 1935, 8001, 71.73, [N/A], 100
2026/09/11 06:53:57.768, 0, GPU-87701dfa-9023-3c38-a5e1-c4df5064cf56, P0, 86, 1935, 8001, 71.73, [N/A], 100
2026/09/11 06:53:57.975, 0, GPU-87701dfa-9023-3c38-a5e1-c4df5064cf56, P0, 90, 1740, 8001, 61.64, [N/A], 96
2026/09/11 06:53:58.182, 0, GPU-87701dfa-9023-3c38-a5e1-c4df5064cf56, P0, 90, 1740, 8001, 61.64, [N/A], 96
2026/09/11 06:53:58.388, 0, GPU-87701dfa-9023-3c38-a5e1-c4df5064cf56, P0, 86, 1605, 8001, 61.67, [N/A], 95
2026/09/11 06:53:58.595, 0, GPU-87701dfa-9023-3c38-a5e1-c4df5064cf56, P0, 86, 1605, 8001, 61.67, [N/A], 95
2026/09/11 06:53:58.801, 0, GPU-87701dfa-9023-3c38-a5e1-c4df5064cf56, P0, 86, 1605, 8001, 61.67, [N/A], 95
2026/09/11 06:53:59.008, 0, GPU-87701dfa-9023-3c38-a5e1-c4df5064cf56, P0, 87, 1710, 8001, 72.29, [N/A], 96
2026/09/11 06:53:59.231, 0, GPU-87701dfa-9023-3c38-a5e1-c4df5064cf56, P0, 87, 1710, 8001, 72.29, [N/A], 96
2026/09/11 06:53:59.439, 0, GPU-87701dfa-9023-3c38-a5e1-c4df5064cf56, P0, 86, 1710, 8001, 75.49, [N/A], 96
2026/09/11 06:53:59.646, 0, GPU-87701dfa-9023-3c38-a5e1-c4df5064cf56, P0, 86, 1710, 8001, 75.49, [N/A], 96
2026/09/11 06:53:59.852, 0, GPU-87701dfa-9023-3c38-a5e1-c4df5064cf56, P0, 86, 1710, 8001, 75.49, [N/A], 96
2026/09/11 06:54:00.059, 0, GPU-87701dfa-9023-3c38-a5e1-c4df5064cf56, P0, 87, 1815, 8001, 77.66, [N/A], 96
2026/09/11 06:54:00.266, 0, GPU-87701dfa-9023-3c38-a5e1-c4df5064cf56, P0, 87, 1815, 8001, 77.66, [N/A], 96
2026/09/11 06:54:00.473, 0, GPU-87701dfa-9023-3c38-a5e1-c4df5064cf56, P0, 87, 1770, 8001, 77.87, [N/A], 100
2026/09/11 06:54:00.681, 0, GPU-87701dfa-9023-3c38-a5e1-c4df5064cf56, P0, 87, 1770, 8001, 77.87, [N/A], 100
2026/09/11 06:54:00.887, 0, GPU-87701dfa-9023-3c38-a5e1-c4df5064cf56, P0, 86, 1620, 8001, 76.48, [N/A], 100
2026/09/11 06:54:01.093, 0, GPU-87701dfa-9023-3c38-a5e1-c4df5064cf56, P0, 86, 1620, 8001, 76.48, [N/A], 100
2026/09/11 06:54:01.300, 0, GPU-87701dfa-9023-3c38-a5e1-c4df5064cf56, P0, 86, 1620, 8001, 76.48, [N/A], 100
2026/09/11 06:54:01.507, 0, GPU-87701dfa-9023-3c38-a5e1-c4df5064cf56, P0, 86, 1770, 8001, 66.11, [N/A], 100
2026/09/11 06:54:01.715, 0, GPU-87701dfa-9023-3c38-a5e1-c4df5064cf56, P0, 86, 1770, 8001, 66.11, [N/A], 100
2026/09/11 06:54:01.923, 0, GPU-87701dfa-9023-3c38-a5e1-c4df5064cf56, P0, 88, 1665, 8001, 69.62, [N/A], 95
2026/09/11 06:54:02.129, 0, GPU-87701dfa-9023-3c38-a5e1-c4df5064cf56, P0, 88, 1665, 8001, 69.62, [N/A], 95
2026/09/11 06:54:02.337, 0, GPU-87701dfa-9023-3c38-a5e1-c4df5064cf56, P0, 88, 1665, 8001, 69.62, [N/A], 95
2026/09/11 06:54:02.543, 0, GPU-87701dfa-9023-3c38-a5e1-c4df5064cf56, P0, 86, 1605, 8001, 74.02, [N/A], 96
2026/09/11 06:54:02.750, 0, GPU-87701dfa-9023-3c38-a5e1-c4df5064cf56, P0, 86, 1605, 8001, 74.02, [N/A], 96
2026/09/11 06:54:02.956, 0, GPU-87701dfa-9023-3c38-a5e1-c4df5064cf56, P0, 86, 1740, 8001, 78.62, [N/A], 95
2026/09/11 06:54:03.164, 0, GPU-87701dfa-9023-3c38-a5e1-c4df5064cf56, P0, 86, 1740, 8001, 78.62, [N/A], 95
2026/09/11 06:54:03.372, 0, GPU-87701dfa-9023-3c38-a5e1-c4df5064cf56, P0, 87, 1890, 8001, 75.39, [N/A], 95
2026/09/11 06:54:03.579, 0, GPU-87701dfa-9023-3c38-a5e1-c4df5064cf56, P0, 87, 1890, 8001, 75.39, [N/A], 95
2026/09/11 06:54:03.787, 0, GPU-87701dfa-9023-3c38-a5e1-c4df5064cf56, P0, 87, 1890, 8001, 75.39, [N/A], 95
2026/09/11 06:54:03.994, 0, GPU-87701dfa-9023-3c38-a5e1-c4df5064cf56, P0, 86, 1725, 8001, 77.06, [N/A], 100
2026/09/11 06:54:04.200, 0, GPU-87701dfa-9023-3c38-a5e1-c4df5064cf56, P0, 86, 1725, 8001, 77.06, [N/A], 100
2026/09/11 06:54:04.408, 0, GPU-87701dfa-9023-3c38-a5e1-c4df5064cf56, P0, 87, 1980, 8001, 73.43, [N/A], 100
2026/09/11 06:54:04.615, 0, GPU-87701dfa-9023-3c38-a5e1-c4df5064cf56, P0, 87, 1980, 8001, 73.43, [N/A], 100
2026/09/11 06:54:04.822, 0, GPU-87701dfa-9023-3c38-a5e1-c4df5064cf56, P0, 87, 1980, 8001, 73.43, [N/A], 100
2026/09/11 06:54:05.029, 0, GPU-87701dfa-9023-3c38-a5e1-c4df5064cf56, P0, 88, 1695, 8001, 68.46, [N/A], 96
2026/09/11 06:54:05.236, 0, GPU-87701dfa-9023-3c38-a5e1-c4df5064cf56, P0, 88, 1695, 8001, 68.46, [N/A], 96
2026/09/11 06:54:05.442, 0, GPU-87701dfa-9023-3c38-a5e1-c4df5064cf56, P0, 88, 1785, 8001, 78.84, [N/A], 96
2026/09/11 06:54:05.649, 0, GPU-87701dfa-9023-3c38-a5e1-c4df5064cf56, P0, 88, 1785, 8001, 78.84, [N/A], 96
2026/09/11 06:54:05.889, 0, GPU-87701dfa-9023-3c38-a5e1-c4df5064cf56, P0, 88, 1875, 8001, 82.76, [N/A], 96
2026/09/11 06:54:06.091, 0, GPU-87701dfa-9023-3c38-a5e1-c4df5064cf56, P0, 88, 1875, 8001, 82.76, [N/A], 96
2026/09/11 06:54:06.298, 0, GPU-87701dfa-9023-3c38-a5e1-c4df5064cf56, P0, 88, 1875, 8001, 82.76, [N/A], 96
2026/09/11 06:54:06.503, 0, GPU-87701dfa-9023-3c38-a5e1-c4df5064cf56, P0, 85, 1605, 8001, 70.99, [N/A], 100
2026/09/11 06:54:06.711, 0, GPU-87701dfa-9023-3c38-a5e1-c4df5064cf56, P0, 85, 1605, 8001, 70.99, [N/A], 100
2026/09/11 06:54:06.918, 0, GPU-87701dfa-9023-3c38-a5e1-c4df5064cf56, P0, 86, 1815, 8001, 69.55, [N/A], 100
2026/09/11 06:54:07.140, 0, GPU-87701dfa-9023-3c38-a5e1-c4df5064cf56, P0, 86, 1815, 8001, 69.55, [N/A], 100
2026/09/11 06:54:07.345, 0, GPU-87701dfa-9023-3c38-a5e1-c4df5064cf56, P0, 86, 1815, 8001, 69.55, [N/A], 100
2026/09/11 06:54:07.551, 0, GPU-87701dfa-9023-3c38-a5e1-c4df5064cf56, P0, 85, 1770, 8001, 75.85, [N/A], 100
2026/09/11 06:54:07.759, 0, GPU-87701dfa-9023-3c38-a5e1-c4df5064cf56, P0, 85, 1770, 8001, 75.85, [N/A], 100
2026/09/11 06:54:07.964, 0, GPU-87701dfa-9023-3c38-a5e1-c4df5064cf56, P0, 87, 1950, 8001, 71.13, [N/A], 98
2026/09/11 06:54:08.172, 0, GPU-87701dfa-9023-3c38-a5e1-c4df5064cf56, P0, 87, 1950, 8001, 71.13, [N/A], 98
2026/09/11 06:54:08.378, 0, GPU-87701dfa-9023-3c38-a5e1-c4df5064cf56, P0, 87, 1620, 8001, 70.34, [N/A], 95
2026/09/11 06:54:08.585, 0, GPU-87701dfa-9023-3c38-a5e1-c4df5064cf56, P0, 87, 1620, 8001, 70.34, [N/A], 95
2026/09/11 06:54:08.791, 0, GPU-87701dfa-9023-3c38-a5e1-c4df5064cf56, P0, 87, 1620, 8001, 70.34, [N/A], 95
2026/09/11 06:54:08.997, 0, GPU-87701dfa-9023-3c38-a5e1-c4df5064cf56, P0, 87, 1680, 8001, 75.57, [N/A], 95
2026/09/11 06:54:09.202, 0, GPU-87701dfa-9023-3c38-a5e1-c4df5064cf56, P0, 87, 1680, 8001, 75.57, [N/A], 95
2026/09/11 06:54:09.408, 0, GPU-87701dfa-9023-3c38-a5e1-c4df5064cf56, P0, 85, 1635, 8001, 74.53, [N/A], 96
2026/09/11 06:54:09.612, 0, GPU-87701dfa-9023-3c38-a5e1-c4df5064cf56, P0, 85, 1635, 8001, 74.53, [N/A], 96
2026/09/11 06:54:09.820, 0, GPU-87701dfa-9023-3c38-a5e1-c4df5064cf56, P0, 85, 1635, 8001, 74.53, [N/A], 96
2026/09/11 06:54:10.028, 0, GPU-87701dfa-9023-3c38-a5e1-c4df5064cf56, P0, 87, 1905, 8001, 78.40, [N/A], 96
2026/09/11 06:54:10.234, 0, GPU-87701dfa-9023-3c38-a5e1-c4df5064cf56, P0, 87, 1905, 8001, 78.40, [N/A], 96
2026/09/11 06:54:10.441, 0, GPU-87701dfa-9023-3c38-a5e1-c4df5064cf56, P0, 85, 1635, 8001, 73.75, [N/A], 100
2026/09/11 06:54:10.649, 0, GPU-87701dfa-9023-3c38-a5e1-c4df5064cf56, P0, 85, 1635, 8001, 73.75, [N/A], 100
2026/09/11 06:54:10.856, 0, GPU-87701dfa-9023-3c38-a5e1-c4df5064cf56, P0, 85, 1635, 8001, 73.75, [N/A], 100
2026/09/11 06:54:11.063, 0, GPU-87701dfa-9023-3c38-a5e1-c4df5064cf56, P0, 86, 1800, 8001, 70.91, [N/A], 100
2026/09/11 06:54:11.271, 0, GPU-87701dfa-9023-3c38-a5e1-c4df5064cf56, P0, 86, 1800, 8001, 70.91, [N/A], 100
2026/09/11 06:54:11.479, 0, GPU-87701dfa-9023-3c38-a5e1-c4df5064cf56, P0, 87, 1965, 8001, 74.11, [N/A], 100
2026/09/11 06:54:11.687, 0, GPU-87701dfa-9023-3c38-a5e1-c4df5064cf56, P0, 87, 1965, 8001, 74.11, [N/A], 100
2026/09/11 06:54:11.895, 0, GPU-87701dfa-9023-3c38-a5e1-c4df5064cf56, P0, 89, 1890, 8001, 76.03, [N/A], 95
2026/09/11 06:54:12.103, 0, GPU-87701dfa-9023-3c38-a5e1-c4df5064cf56, P0, 89, 1890, 8001, 76.03, [N/A], 95
2026/09/11 06:54:12.309, 0, GPU-87701dfa-9023-3c38-a5e1-c4df5064cf56, P0, 89, 1890, 8001, 76.03, [N/A], 95
2026/09/11 06:54:12.516, 0, GPU-87701dfa-9023-3c38-a5e1-c4df5064cf56, P0, 86, 1635, 8001, 67.79, [N/A], 95
2026/09/11 06:54:12.723, 0, GPU-87701dfa-9023-3c38-a5e1-c4df5064cf56, P0, 86, 1635, 8001, 67.79, [N/A], 95
2026/09/11 06:54:12.930, 0, GPU-87701dfa-9023-3c38-a5e1-c4df5064cf56, P0, 87, 1770, 8001, 79.67, [N/A], 96
2026/09/11 06:54:13.137, 0, GPU-87701dfa-9023-3c38-a5e1-c4df5064cf56, P0, 87, 1770, 8001, 79.67, [N/A], 96
2026/09/11 06:54:13.344, 0, GPU-87701dfa-9023-3c38-a5e1-c4df5064cf56, P0, 87, 1770, 8001, 79.67, [N/A], 96
2026/09/11 06:54:13.551, 0, GPU-87701dfa-9023-3c38-a5e1-c4df5064cf56, P0, 86, 1725, 8001, 76.04, [N/A], 95
2026/09/11 06:54:13.757, 0, GPU-87701dfa-9023-3c38-a5e1-c4df5064cf56, P0, 86, 1725, 8001, 76.04, [N/A], 95
2026/09/11 06:54:13.963, 0, GPU-87701dfa-9023-3c38-a5e1-c4df5064cf56, P0, 87, 1830, 8001, 73.22, [N/A], 98
2026/09/11 06:54:14.171, 0, GPU-87701dfa-9023-3c38-a5e1-c4df5064cf56, P0, 87, 1830, 8001, 73.22, [N/A], 98
2026/09/11 06:54:14.379, 0, GPU-87701dfa-9023-3c38-a5e1-c4df5064cf56, P0, 87, 1680, 8001, 76.72, [N/A], 100
2026/09/11 06:54:14.586, 0, GPU-87701dfa-9023-3c38-a5e1-c4df5064cf56, P0, 87, 1680, 8001, 76.72, [N/A], 100
2026/09/11 06:54:14.794, 0, GPU-87701dfa-9023-3c38-a5e1-c4df5064cf56, P0, 87, 1680, 8001, 76.72, [N/A], 100
2026/09/11 06:54:15.001, 0, GPU-87701dfa-9023-3c38-a5e1-c4df5064cf56, P0, 87, 1770, 8001, 75.86, [N/A], 100
2026/09/11 06:54:15.209, 0, GPU-87701dfa-9023-3c38-a5e1-c4df5064cf56, P0, 87, 1770, 8001, 75.86, [N/A], 100
2026/09/11 06:54:15.413, 0, GPU-87701dfa-9023-3c38-a5e1-c4df5064cf56, P0, 87, 1650, 8001, 72.07, [N/A], 95
2026/09/11 06:54:15.621, 0, GPU-87701dfa-9023-3c38-a5e1-c4df5064cf56, P0, 87, 1650, 8001, 72.07, [N/A], 95
2026/09/11 06:54:15.845, 0, GPU-87701dfa-9023-3c38-a5e1-c4df5064cf56, P0, 87, 1650, 8001, 72.07, [N/A], 95
2026/09/11 06:54:16.051, 0, GPU-87701dfa-9023-3c38-a5e1-c4df5064cf56, P0, 88, 1725, 8001, 75.35, [N/A], 96
2026/09/11 06:54:16.275, 0, GPU-87701dfa-9023-3c38-a5e1-c4df5064cf56, P0, 88, 1725, 8001, 75.35, [N/A], 96
2026/09/11 06:54:16.482, 0, GPU-87701dfa-9023-3c38-a5e1-c4df5064cf56, P0, 87, 1605, 8001, 79.18, [N/A], 95
2026/09/11 06:54:16.690, 0, GPU-87701dfa-9023-3c38-a5e1-c4df5064cf56, P0, 87, 1605, 8001, 79.18, [N/A], 95
2026/09/11 06:54:16.897, 0, GPU-87701dfa-9023-3c38-a5e1-c4df5064cf56, P0, 85, 1755, 8001, 70.81, [N/A], 95
2026/09/11 06:54:17.104, 0, GPU-87701dfa-9023-3c38-a5e1-c4df5064cf56, P0, 85, 1755, 8001, 70.81, [N/A], 95
2026/09/11 06:54:17.310, 0, GPU-87701dfa-9023-3c38-a5e1-c4df5064cf56, P0, 85, 1755, 8001, 70.81, [N/A], 95
2026/09/11 06:54:17.517, 0, GPU-87701dfa-9023-3c38-a5e1-c4df5064cf56, P0, 87, 1875, 8001, 72.37, [N/A], 95
2026/09/11 06:54:17.723, 0, GPU-87701dfa-9023-3c38-a5e1-c4df5064cf56, P0, 87, 1875, 8001, 72.37, [N/A], 95
2026/09/11 06:54:17.930, 0, GPU-87701dfa-9023-3c38-a5e1-c4df5064cf56, P0, 85, 1815, 8001, 78.05, [N/A], 100
2026/09/11 06:54:18.136, 0, GPU-87701dfa-9023-3c38-a5e1-c4df5064cf56, P0, 85, 1815, 8001, 78.05, [N/A], 100
2026/09/11 06:54:18.343, 0, GPU-87701dfa-9023-3c38-a5e1-c4df5064cf56, P0, 85, 1815, 8001, 78.05, [N/A], 100
2026/09/11 06:54:18.548, 0, GPU-87701dfa-9023-3c38-a5e1-c4df5064cf56, P0, 87, 1680, 8001, 75.39, [N/A], 100
2026/09/11 06:54:18.756, 0, GPU-87701dfa-9023-3c38-a5e1-c4df5064cf56, P0, 87, 1680, 8001, 75.39, [N/A], 100
2026/09/11 06:54:18.962, 0, GPU-87701dfa-9023-3c38-a5e1-c4df5064cf56, P0, 89, 1785, 8001, 69.45, [N/A], 96
2026/09/11 06:54:19.170, 0, GPU-87701dfa-9023-3c38-a5e1-c4df5064cf56, P0, 89, 1785, 8001, 69.45, [N/A], 96
2026/09/11 06:54:19.376, 0, GPU-87701dfa-9023-3c38-a5e1-c4df5064cf56, P0, 87, 1725, 8001, 79.12, [N/A], 96
2026/09/11 06:54:19.581, 0, GPU-87701dfa-9023-3c38-a5e1-c4df5064cf56, P0, 87, 1725, 8001, 79.12, [N/A], 96
2026/09/11 06:54:19.789, 0, GPU-87701dfa-9023-3c38-a5e1-c4df5064cf56, P0, 87, 1725, 8001, 79.12, [N/A], 96
2026/09/11 06:54:19.996, 0, GPU-87701dfa-9023-3c38-a5e1-c4df5064cf56, P0, 88, 1605, 8001, 77.88, [N/A], 95
2026/09/11 06:54:20.204, 0, GPU-87701dfa-9023-3c38-a5e1-c4df5064cf56, P0, 88, 1605, 8001, 77.88, [N/A], 95
2026/09/11 06:54:20.412, 0, GPU-87701dfa-9023-3c38-a5e1-c4df5064cf56, P0, 85, 1740, 8001, 69.21, [N/A], 96
2026/09/11 06:54:20.620, 0, GPU-87701dfa-9023-3c38-a5e1-c4df5064cf56, P0, 85, 1740, 8001, 69.21, [N/A], 96
2026/09/11 06:54:20.828, 0, GPU-87701dfa-9023-3c38-a5e1-c4df5064cf56, P0, 85, 1740, 8001, 69.21, [N/A], 96
2026/09/11 06:54:21.034, 0, GPU-87701dfa-9023-3c38-a5e1-c4df5064cf56, P0, 87, 1845, 8001, 71.84, [N/A], 100
2026/09/11 06:54:21.241, 0, GPU-87701dfa-9023-3c38-a5e1-c4df5064cf56, P0, 87, 1845, 8001, 71.84, [N/A], 100
2026/09/11 06:54:21.448, 0, GPU-87701dfa-9023-3c38-a5e1-c4df5064cf56, P0, 86, 1605, 8001, 78.41, [N/A], 100
2026/09/11 06:54:21.656, 0, GPU-87701dfa-9023-3c38-a5e1-c4df5064cf56, P0, 86, 1605, 8001, 78.41, [N/A], 100
2026/09/11 06:54:21.861, 0, GPU-87701dfa-9023-3c38-a5e1-c4df5064cf56, P0, 86, 1605, 8001, 78.41, [N/A], 100
2026/09/11 06:54:22.098, 0, GPU-87701dfa-9023-3c38-a5e1-c4df5064cf56, P0, 93, 2475, 8001, 116.87, [N/A], 96
2026/09/11 06:54:22.305, 0, GPU-87701dfa-9023-3c38-a5e1-c4df5064cf56, P0, 93, 2475, 8001, 116.87, [N/A], 96
2026/09/11 06:54:22.509, 0, GPU-87701dfa-9023-3c38-a5e1-c4df5064cf56, P0, 87, 1740, 8001, 66.06, [N/A], 95
2026/09/11 06:54:22.717, 0, GPU-87701dfa-9023-3c38-a5e1-c4df5064cf56, P0, 87, 1740, 8001, 66.06, [N/A], 95
2026/09/11 06:54:22.923, 0, GPU-87701dfa-9023-3c38-a5e1-c4df5064cf56, P0, 86, 1605, 8001, 67.30, [N/A], 95
2026/09/11 06:54:23.130, 0, GPU-87701dfa-9023-3c38-a5e1-c4df5064cf56, P0, 86, 1605, 8001, 67.30, [N/A], 95
2026/09/11 06:54:23.336, 0, GPU-87701dfa-9023-3c38-a5e1-c4df5064cf56, P0, 86, 1605, 8001, 67.30, [N/A], 95
2026/09/11 06:54:23.544, 0, GPU-87701dfa-9023-3c38-a5e1-c4df5064cf56, P0, 85, 1740, 8001, 52.88, [N/A], 96
2026/09/11 06:54:23.751, 0, GPU-87701dfa-9023-3c38-a5e1-c4df5064cf56, P0, 85, 1740, 8001, 52.88, [N/A], 96
2026/09/11 06:54:23.959, 0, GPU-87701dfa-9023-3c38-a5e1-c4df5064cf56, P0, 88, 1845, 8001, 84.48, [N/A], 95
2026/09/11 06:54:24.182, 0, GPU-87701dfa-9023-3c38-a5e1-c4df5064cf56, P0, 88, 1845, 8001, 84.48, [N/A], 95
2026/09/11 06:54:24.390, 0, GPU-87701dfa-9023-3c38-a5e1-c4df5064cf56, P0, 87, 1935, 8001, 73.81, [N/A], 100
2026/09/11 06:54:24.596, 0, GPU-87701dfa-9023-3c38-a5e1-c4df5064cf56, P0, 87, 1935, 8001, 73.81, [N/A], 100
2026/09/11 06:54:24.803, 0, GPU-87701dfa-9023-3c38-a5e1-c4df5064cf56, P0, 87, 1935, 8001, 73.81, [N/A], 100
2026/09/11 06:54:25.010, 0, GPU-87701dfa-9023-3c38-a5e1-c4df5064cf56, P0, 85, 1695, 8001, 73.86, [N/A], 100
2026/09/11 06:54:25.218, 0, GPU-87701dfa-9023-3c38-a5e1-c4df5064cf56, P0, 85, 1695, 8001, 73.86, [N/A], 100
2026/09/11 06:54:25.426, 0, GPU-87701dfa-9023-3c38-a5e1-c4df5064cf56, P0, 87, 1605, 8001, 73.99, [N/A], 100
2026/09/11 06:54:25.631, 0, GPU-87701dfa-9023-3c38-a5e1-c4df5064cf56, P0, 87, 1605, 8001, 73.99, [N/A], 100
2026/09/11 06:54:25.853, 0, GPU-87701dfa-9023-3c38-a5e1-c4df5064cf56, P0, 87, 1605, 8001, 73.99, [N/A], 100
2026/09/11 06:54:26.072, 0, GPU-87701dfa-9023-3c38-a5e1-c4df5064cf56, P0, 86, 1650, 8001, 64.78, [N/A], 95
2026/09/11 06:54:26.295, 0, GPU-87701dfa-9023-3c38-a5e1-c4df5064cf56, P0, 86, 1650, 8001, 64.78, [N/A], 95
2026/09/11 06:54:26.500, 0, GPU-87701dfa-9023-3c38-a5e1-c4df5064cf56, P0, 88, 1800, 8001, 80.12, [N/A], 96
2026/09/11 06:54:26.708, 0, GPU-87701dfa-9023-3c38-a5e1-c4df5064cf56, P0, 88, 1800, 8001, 80.12, [N/A], 96
2026/09/11 06:54:26.915, 0, GPU-87701dfa-9023-3c38-a5e1-c4df5064cf56, P0, 86, 1725, 8001, 73.87, [N/A], 95
2026/09/11 06:54:27.123, 0, GPU-87701dfa-9023-3c38-a5e1-c4df5064cf56, P0, 86, 1725, 8001, 73.87, [N/A], 95
2026/09/11 06:54:27.331, 0, GPU-87701dfa-9023-3c38-a5e1-c4df5064cf56, P0, 86, 1725, 8001, 73.87, [N/A], 95
2026/09/11 06:54:27.538, 0, GPU-87701dfa-9023-3c38-a5e1-c4df5064cf56, P0, 86, 1740, 8001, 72.38, [N/A], 95
2026/09/11 06:54:27.745, 0, GPU-87701dfa-9023-3c38-a5e1-c4df5064cf56, P0, 86, 1740, 8001, 72.38, [N/A], 95
2026/09/11 06:54:27.951, 0, GPU-87701dfa-9023-3c38-a5e1-c4df5064cf56, P0, 86, 1785, 8001, 74.88, [N/A], 95
2026/09/11 06:54:28.159, 0, GPU-87701dfa-9023-3c38-a5e1-c4df5064cf56, P0, 86, 1785, 8001, 74.88, [N/A], 95
2026/09/11 06:54:28.366, 0, GPU-87701dfa-9023-3c38-a5e1-c4df5064cf56, P0, 86, 1785, 8001, 74.88, [N/A], 95
2026/09/11 06:54:28.573, 0, GPU-87701dfa-9023-3c38-a5e1-c4df5064cf56, P0, 86, 1665, 8001, 71.36, [N/A], 100
2026/09/11 06:54:28.779, 0, GPU-87701dfa-9023-3c38-a5e1-c4df5064cf56, P0, 86, 1665, 8001, 71.36, [N/A], 100
2026/09/11 06:54:28.984, 0, GPU-87701dfa-9023-3c38-a5e1-c4df5064cf56, P0, 85, 2025, 8001, 74.71, [N/A], 100
2026/09/11 06:54:29.192, 0, GPU-87701dfa-9023-3c38-a5e1-c4df5064cf56, P0, 85, 2025, 8001, 74.71, [N/A], 100
2026/09/11 06:54:29.431, 0, GPU-87701dfa-9023-3c38-a5e1-c4df5064cf56, P0, 87, 1725, 8001, 70.75, [N/A], 100
2026/09/11 06:54:29.639, 0, GPU-87701dfa-9023-3c38-a5e1-c4df5064cf56, P0, 87, 1725, 8001, 70.75, [N/A], 100
2026/09/11 06:54:29.847, 0, GPU-87701dfa-9023-3c38-a5e1-c4df5064cf56, P0, 87, 1725, 8001, 70.75, [N/A], 100
2026/09/11 06:54:30.055, 0, GPU-87701dfa-9023-3c38-a5e1-c4df5064cf56, P0, 86, 1605, 8001, 68.17, [N/A], 95
2026/09/11 06:54:30.263, 0, GPU-87701dfa-9023-3c38-a5e1-c4df5064cf56, P0, 86, 1605, 8001, 68.17, [N/A], 95
2026/09/11 06:54:30.471, 0, GPU-87701dfa-9023-3c38-a5e1-c4df5064cf56, P0, 86, 1605, 8001, 65.25, [N/A], 95
2026/09/11 06:54:30.678, 0, GPU-87701dfa-9023-3c38-a5e1-c4df5064cf56, P0, 86, 1605, 8001, 65.25, [N/A], 95
2026/09/11 06:54:30.885, 0, GPU-87701dfa-9023-3c38-a5e1-c4df5064cf56, P0, 88, 1740, 8001, 74.29, [N/A], 95
2026/09/11 06:54:31.090, 0, GPU-87701dfa-9023-3c38-a5e1-c4df5064cf56, P0, 88, 1740, 8001, 74.29, [N/A], 95
2026/09/11 06:54:31.297, 0, GPU-87701dfa-9023-3c38-a5e1-c4df5064cf56, P0, 88, 1740, 8001, 74.29, [N/A], 95
2026/09/11 06:54:31.504, 0, GPU-87701dfa-9023-3c38-a5e1-c4df5064cf56, P0, 87, 1830, 8001, 80.89, [N/A], 96
2026/09/11 06:54:31.712, 0, GPU-87701dfa-9023-3c38-a5e1-c4df5064cf56, P0, 87, 1830, 8001, 80.89, [N/A], 96
2026/09/11 06:54:31.919, 0, GPU-87701dfa-9023-3c38-a5e1-c4df5064cf56, P0, 86, 1740, 8001, 72.22, [N/A], 95
2026/09/11 06:54:32.126, 0, GPU-87701dfa-9023-3c38-a5e1-c4df5064cf56, P0, 86, 1740, 8001, 72.22, [N/A], 95
2026/09/11 06:54:32.333, 0, GPU-87701dfa-9023-3c38-a5e1-c4df5064cf56, P0, 86, 1740, 8001, 72.22, [N/A], 95
2026/09/11 06:54:32.540, 0, GPU-87701dfa-9023-3c38-a5e1-c4df5064cf56, P0, 85, 1680, 8001, 71.86, [N/A], 100
2026/09/11 06:54:32.747, 0, GPU-87701dfa-9023-3c38-a5e1-c4df5064cf56, P0, 85, 1680, 8001, 71.86, [N/A], 100
2026/09/11 06:54:32.954, 0, GPU-87701dfa-9023-3c38-a5e1-c4df5064cf56, P0, 86, 1860, 8001, 71.21, [N/A], 100
2026/09/11 06:54:33.162, 0, GPU-87701dfa-9023-3c38-a5e1-c4df5064cf56, P0, 86, 1860, 8001, 71.21, [N/A], 100
2026/09/11 06:54:33.369, 0, GPU-87701dfa-9023-3c38-a5e1-c4df5064cf56, P0, 88, 1755, 8001, 77.92, [N/A], 100
2026/09/11 06:54:33.575, 0, GPU-87701dfa-9023-3c38-a5e1-c4df5064cf56, P0, 88, 1755, 8001, 77.92, [N/A], 100
2026/09/11 06:54:33.783, 0, GPU-87701dfa-9023-3c38-a5e1-c4df5064cf56, P0, 88, 1755, 8001, 77.92, [N/A], 100
2026/09/11 06:54:33.991, 0, GPU-87701dfa-9023-3c38-a5e1-c4df5064cf56, P0, 87, 1605, 8001, 75.63, [N/A], 95
2026/09/11 06:54:34.198, 0, GPU-87701dfa-9023-3c38-a5e1-c4df5064cf56, P0, 87, 1605, 8001, 75.63, [N/A], 95
2026/09/11 06:54:34.405, 0, GPU-87701dfa-9023-3c38-a5e1-c4df5064cf56, P0, 87, 1680, 8001, 74.12, [N/A], 95
2026/09/11 06:54:34.611, 0, GPU-87701dfa-9023-3c38-a5e1-c4df5064cf56, P0, 87, 1680, 8001, 74.12, [N/A], 95
2026/09/11 06:54:34.819, 0, GPU-87701dfa-9023-3c38-a5e1-c4df5064cf56, P0, 87, 1680, 8001, 74.12, [N/A], 95
2026/09/11 06:54:35.025, 0, GPU-87701dfa-9023-3c38-a5e1-c4df5064cf56, P0, 86, 1740, 8001, 73.59, [N/A], 95
2026/09/11 06:54:35.233, 0, GPU-87701dfa-9023-3c38-a5e1-c4df5064cf56, P0, 86, 1740, 8001, 73.59, [N/A], 95
2026/09/11 06:54:35.438, 0, GPU-87701dfa-9023-3c38-a5e1-c4df5064cf56, P0, 86, 1740, 8001, 74.16, [N/A], 96
2026/09/11 06:54:35.661, 0, GPU-87701dfa-9023-3c38-a5e1-c4df5064cf56, P0, 86, 1740, 8001, 74.16, [N/A], 96
2026/09/11 06:54:35.868, 0, GPU-87701dfa-9023-3c38-a5e1-c4df5064cf56, P0, 86, 1740, 8001, 74.16, [N/A], 96
2026/09/11 06:54:36.075, 0, GPU-87701dfa-9023-3c38-a5e1-c4df5064cf56, P0, 87, 1725, 8001, 78.79, [N/A], 96
2026/09/11 06:54:36.283, 0, GPU-87701dfa-9023-3c38-a5e1-c4df5064cf56, P0, 87, 1725, 8001, 78.79, [N/A], 96
2026/09/11 06:54:36.492, 0, GPU-87701dfa-9023-3c38-a5e1-c4df5064cf56, P0, 87, 1830, 8001, 73.56, [N/A], 100
2026/09/11 06:54:36.700, 0, GPU-87701dfa-9023-3c38-a5e1-c4df5064cf56, P0, 87, 1830, 8001, 73.56, [N/A], 100
2026/09/11 06:54:36.908, 0, GPU-87701dfa-9023-3c38-a5e1-c4df5064cf56, P0, 87, 1740, 8001, 74.68, [N/A], 100
2026/09/11 06:54:37.115, 0, GPU-87701dfa-9023-3c38-a5e1-c4df5064cf56, P0, 87, 1740, 8001, 74.68, [N/A], 100
2026/09/11 06:54:37.322, 0, GPU-87701dfa-9023-3c38-a5e1-c4df5064cf56, P0, 87, 1740, 8001, 74.68, [N/A], 100
2026/09/11 06:54:37.529, 0, GPU-87701dfa-9023-3c38-a5e1-c4df5064cf56, P0, 87, 1605, 8001, 63.31, [N/A], 96
2026/09/11 06:54:37.735, 0, GPU-87701dfa-9023-3c38-a5e1-c4df5064cf56, P0, 87, 1605, 8001, 63.31, [N/A], 96
2026/09/11 06:54:37.941, 0, GPU-87701dfa-9023-3c38-a5e1-c4df5064cf56, P0, 87, 1650, 8001, 81.86, [N/A], 96
2026/09/11 06:54:38.148, 0, GPU-87701dfa-9023-3c38-a5e1-c4df5064cf56, P0, 87, 1650, 8001, 81.86, [N/A], 96
2026/09/11 06:54:38.356, 0, GPU-87701dfa-9023-3c38-a5e1-c4df5064cf56, P0, 87, 1650, 8001, 81.86, [N/A], 96
2026/09/11 06:54:38.563, 0, GPU-87701dfa-9023-3c38-a5e1-c4df5064cf56, P0, 87, 1785, 8001, 81.64, [N/A], 95
2026/09/11 06:54:38.769, 0, GPU-87701dfa-9023-3c38-a5e1-c4df5064cf56, P0, 87, 1785, 8001, 81.64, [N/A], 95
2026/09/11 06:54:38.977, 0, GPU-87701dfa-9023-3c38-a5e1-c4df5064cf56, P0, 86, 1785, 8001, 63.58, [N/A], 95
2026/09/11 06:54:39.185, 0, GPU-87701dfa-9023-3c38-a5e1-c4df5064cf56, P0, 86, 1785, 8001, 63.58, [N/A], 95
2026/09/11 06:54:39.390, 0, GPU-87701dfa-9023-3c38-a5e1-c4df5064cf56, P0, 87, 1920, 8001, 79.33, [N/A], 95
2026/09/11 06:54:39.597, 0, GPU-87701dfa-9023-3c38-a5e1-c4df5064cf56, P0, 87, 1920, 8001, 79.33, [N/A], 95
2026/09/11 06:54:39.805, 0, GPU-87701dfa-9023-3c38-a5e1-c4df5064cf56, P0, 87, 1920, 8001, 79.33, [N/A], 95
2026/09/11 06:54:40.012, 0, GPU-87701dfa-9023-3c38-a5e1-c4df5064cf56, P0, 86, 1800, 8001, 69.51, [N/A], 100
2026/09/11 06:54:40.249, 0, GPU-87701dfa-9023-3c38-a5e1-c4df5064cf56, P0, 86, 1800, 8001, 69.51, [N/A], 100
2026/09/11 06:54:40.454, 0, GPU-87701dfa-9023-3c38-a5e1-c4df5064cf56, P0, 86, 1950, 8001, 76.44, [N/A], 100
2026/09/11 06:54:40.660, 0, GPU-87701dfa-9023-3c38-a5e1-c4df5064cf56, P0, 86, 1950, 8001, 76.44, [N/A], 100
2026/09/11 06:54:40.867, 0, GPU-87701dfa-9023-3c38-a5e1-c4df5064cf56, P0, 86, 1950, 8001, 76.44, [N/A], 100
2026/09/11 06:54:41.070, 0, GPU-87701dfa-9023-3c38-a5e1-c4df5064cf56, P0, 85, 1605, 8001, 64.22, [N/A], 100
2026/09/11 06:54:41.278, 0, GPU-87701dfa-9023-3c38-a5e1-c4df5064cf56, P0, 85, 1605, 8001, 64.22, [N/A], 100
2026/09/11 06:54:41.484, 0, GPU-87701dfa-9023-3c38-a5e1-c4df5064cf56, P0, 86, 1830, 8001, 65.90, [N/A], 100
2026/09/11 06:54:41.692, 0, GPU-87701dfa-9023-3c38-a5e1-c4df5064cf56, P0, 86, 1830, 8001, 65.90, [N/A], 100
2026/09/11 06:54:41.898, 0, GPU-87701dfa-9023-3c38-a5e1-c4df5064cf56, P0, 88, 1605, 8001, 77.31, [N/A], 96
2026/09/11 06:54:42.121, 0, GPU-87701dfa-9023-3c38-a5e1-c4df5064cf56, P0, 88, 1605, 8001, 77.31, [N/A], 96
2026/09/11 06:54:42.327, 0, GPU-87701dfa-9023-3c38-a5e1-c4df5064cf56, P0, 88, 1605, 8001, 77.31, [N/A], 96
2026/09/11 06:54:42.533, 0, GPU-87701dfa-9023-3c38-a5e1-c4df5064cf56, P0, 88, 1815, 8001, 72.30, [N/A], 95
2026/09/11 06:54:42.738, 0, GPU-87701dfa-9023-3c38-a5e1-c4df5064cf56, P0, 88, 1815, 8001, 72.30, [N/A], 95
2026/09/11 06:54:42.943, 0, GPU-87701dfa-9023-3c38-a5e1-c4df5064cf56, P0, 86, 1740, 8001, 74.36, [N/A], 96
2026/09/11 06:54:43.151, 0, GPU-87701dfa-9023-3c38-a5e1-c4df5064cf56, P0, 86, 1740, 8001, 74.36, [N/A], 96
2026/09/11 06:54:43.359, 0, GPU-87701dfa-9023-3c38-a5e1-c4df5064cf56, P0, 86, 1740, 8001, 74.36, [N/A], 96
2026/09/11 06:54:43.566, 0, GPU-87701dfa-9023-3c38-a5e1-c4df5064cf56, P0, 86, 1785, 8001, 82.93, [N/A], 95
2026/09/11 06:54:43.773, 0, GPU-87701dfa-9023-3c38-a5e1-c4df5064cf56, P0, 86, 1785, 8001, 82.93, [N/A], 95
2026/09/11 06:54:43.980, 0, GPU-87701dfa-9023-3c38-a5e1-c4df5064cf56, P0, 86, 1755, 8001, 70.69, [N/A], 96
2026/09/11 06:54:44.186, 0, GPU-87701dfa-9023-3c38-a5e1-c4df5064cf56, P0, 86, 1755, 8001, 70.69, [N/A], 96
2026/09/11 06:54:44.394, 0, GPU-87701dfa-9023-3c38-a5e1-c4df5064cf56, P0, 88, 1965, 8001, 76.58, [N/A], 100
2026/09/11 06:54:44.600, 0, GPU-87701dfa-9023-3c38-a5e1-c4df5064cf56, P0, 88, 1965, 8001, 76.58, [N/A], 100
2026/09/11 06:54:44.807, 0, GPU-87701dfa-9023-3c38-a5e1-c4df5064cf56, P0, 88, 1965, 8001, 76.58, [N/A], 100
2026/09/11 06:54:45.030, 0, GPU-87701dfa-9023-3c38-a5e1-c4df5064cf56, P0, 86, 1650, 8001, 74.51, [N/A], 100
2026/09/11 06:54:45.238, 0, GPU-87701dfa-9023-3c38-a5e1-c4df5064cf56, P0, 86, 1650, 8001, 74.51, [N/A], 100
2026/09/11 06:54:45.446, 0, GPU-87701dfa-9023-3c38-a5e1-c4df5064cf56, P0, 88, 1650, 8001, 74.15, [N/A], 95
2026/09/11 06:54:45.653, 0, GPU-87701dfa-9023-3c38-a5e1-c4df5064cf56, P0, 88, 1650, 8001, 74.15, [N/A], 95
2026/09/11 06:54:45.860, 0, GPU-87701dfa-9023-3c38-a5e1-c4df5064cf56, P0, 88, 1650, 8001, 74.15, [N/A], 95
2026/09/11 06:54:46.067, 0, GPU-87701dfa-9023-3c38-a5e1-c4df5064cf56, P0, 86, 1605, 8001, 69.60, [N/A], 96
2026/09/11 06:54:46.273, 0, GPU-87701dfa-9023-3c38-a5e1-c4df5064cf56, P0, 86, 1605, 8001, 69.60, [N/A], 96
2026/09/11 06:54:46.479, 0, GPU-87701dfa-9023-3c38-a5e1-c4df5064cf56, P0, 86, 1710, 8001, 68.31, [N/A], 96
2026/09/11 06:54:46.686, 0, GPU-87701dfa-9023-3c38-a5e1-c4df5064cf56, P0, 86, 1710, 8001, 68.31, [N/A], 96
2026/09/11 06:54:46.893, 0, GPU-87701dfa-9023-3c38-a5e1-c4df5064cf56, P0, 88, 1965, 8001, 80.44, [N/A], 95
2026/09/11 06:54:47.101, 0, GPU-87701dfa-9023-3c38-a5e1-c4df5064cf56, P0, 88, 1965, 8001, 80.44, [N/A], 95
2026/09/11 06:54:47.307, 0, GPU-87701dfa-9023-3c38-a5e1-c4df5064cf56, P0, 88, 1965, 8001, 80.44, [N/A], 95
2026/09/11 06:54:47.513, 0, GPU-87701dfa-9023-3c38-a5e1-c4df5064cf56, P0, 87, 1830, 8001, 76.08, [N/A], 96
2026/09/11 06:54:47.719, 0, GPU-87701dfa-9023-3c38-a5e1-c4df5064cf56, P0, 87, 1830, 8001, 76.08, [N/A], 96
2026/09/11 06:54:47.924, 0, GPU-87701dfa-9023-3c38-a5e1-c4df5064cf56, P0, 86, 1740, 8001, 76.14, [N/A], 100
2026/09/11 06:54:48.130, 0, GPU-87701dfa-9023-3c38-a5e1-c4df5064cf56, P0, 86, 1740, 8001, 76.14, [N/A], 100
2026/09/11 06:54:48.336, 0, GPU-87701dfa-9023-3c38-a5e1-c4df5064cf56, P0, 86, 1740, 8001, 76.14, [N/A], 100
2026/09/11 06:54:48.541, 0, GPU-87701dfa-9023-3c38-a5e1-c4df5064cf56, P0, 85, 1920, 8001, 72.90, [N/A], 100
2026/09/11 06:54:48.748, 0, GPU-87701dfa-9023-3c38-a5e1-c4df5064cf56, P0, 85, 1920, 8001, 72.90, [N/A], 100
2026/09/11 06:54:48.954, 0, GPU-87701dfa-9023-3c38-a5e1-c4df5064cf56, P0, 83, 2340, 8001, 60.53, [N/A], 56
2026/09/11 06:54:49.160, 0, GPU-87701dfa-9023-3c38-a5e1-c4df5064cf56, P0, 83, 2340, 8001, 60.53, [N/A], 56
2026/09/11 06:54:49.366, 0, GPU-87701dfa-9023-3c38-a5e1-c4df5064cf56, P0, 83, 2340, 8001, 60.53, [N/A], 56
