2026/09/13 19:34:51.686, 70, 2490, 22.70, 0
2026/09/13 19:34:51.893, 70, 2490, 22.70, 0
2026/09/13 19:34:52.099, 52, 1980, 1.20, 0
2026/09/13 19:34:52.889, 67, 1980, 17.49, 0
2026/09/13 19:34:53.092, 67, 1980, 17.49, 0
2026/09/13 19:34:53.296, 52, 1275, 18.28, 0
2026/09/13 19:34:53.936, 67, 1980, 13.58, 0
2026/09/13 19:34:54.137, 67, 1980, 13.58, 0
2026/09/13 19:34:54.342, 52, 1275, 18.36, 0
2026/09/13 19:34:54.969, 66, 1980, 13.71, 0
2026/09/13 19:34:55.173, 52, 1980, 1.20, 0
2026/09/13 19:34:55.819, 66, 1980, 13.65, 0
2026/09/13 19:34:56.025, 52, 1980, 1.20, 0
2026/09/13 19:34:56.734, 66, 1980, 13.11, 0
2026/09/13 19:34:56.939, 52, 1980, 1.20, 0
2026/09/13 19:34:57.631, 66, 1980, 13.75, 0
2026/09/13 19:34:57.836, 52, 1980, 1.20, 0
2026/09/13 19:34:58.543, 66, 1980, 14.97, 0
2026/09/13 19:34:58.748, 52, 1980, 1.20, 0
2026/09/13 19:34:59.438, 66, 1980, 13.56, 0
2026/09/13 19:34:59.644, 52, 1980, 1.20, 0
2026/09/13 19:35:00.351, 66, 1980, 13.56, 0
2026/09/13 19:35:00.555, 66, 1980, 13.56, 0
2026/09/13 19:35:00.760, 52, 1290, 18.45, 0
2026/09/13 19:35:01.387, 66, 1980, 13.56, 0
2026/09/13 19:35:01.591, 66, 1980, 13.56, 0
2026/09/13 19:35:01.796, 52, 1290, 18.17, 0
2026/09/13 19:35:02.427, 66, 1980, 13.65, 0
2026/09/13 19:35:02.633, 52, 1980, 1.20, 0
2026/09/13 19:35:03.324, 65, 1980, 13.32, 207
2026/09/13 19:35:03.527, 65, 1980, 13.32, 283
2026/09/13 19:35:03.732, 66, 1980, 39.68, 429
2026/09/13 19:35:03.934, 66, 1980, 39.68, 429
2026/09/13 19:35:04.140, 66, 1980, 39.68, 429
2026/09/13 19:35:04.343, 85, 2160, 82.84, 429
2026/09/13 19:35:04.547, 85, 2160, 82.84, 429
2026/09/13 19:35:04.753, 86, 2115, 107.94, 429
2026/09/13 19:35:04.959, 86, 2115, 107.94, 429
2026/09/13 19:35:05.161, 86, 2115, 107.94, 429
2026/09/13 19:35:05.367, 86, 2085, 102.98, 429
2026/09/13 19:35:05.569, 86, 2085, 102.98, 429
2026/09/13 19:35:05.773, 86, 2085, 101.68, 429
2026/09/13 19:35:05.977, 86, 2085, 101.68, 429
2026/09/13 19:35:06.182, 86, 2085, 101.68, 429
2026/09/13 19:35:06.385, 87, 2100, 103.99, 429
2026/09/13 19:35:06.589, 87, 2100, 103.99, 821
2026/09/13 19:35:06.793, 87, 2340, 89.60, 835
2026/09/13 19:35:06.998, 87, 2340, 89.60, 835
2026/09/13 19:35:07.202, 87, 2340, 89.60, 835
2026/09/13 19:35:07.404, 86, 2370, 99.52, 835
2026/09/13 19:35:07.607, 86, 2370, 99.52, 999
2026/09/13 19:35:07.810, 84, 2310, 99.89, 999
2026/09/13 19:35:08.012, 84, 2310, 99.89, 999
2026/09/13 19:35:08.217, 87, 2220, 87.68, 999
2026/09/13 19:35:08.419, 87, 2220, 87.68, 999
2026/09/13 19:35:08.623, 87, 2220, 87.68, 999
2026/09/13 19:35:08.826, 85, 2280, 102.64, 999
2026/09/13 19:35:09.030, 85, 2280, 102.64, 999
2026/09/13 19:35:09.230, 85, 2115, 102.11, 999
2026/09/13 19:35:09.434, 85, 2115, 102.11, 999
2026/09/13 19:35:09.638, 85, 2115, 102.11, 999
2026/09/13 19:35:09.842, 87, 2100, 106.82, 999
2026/09/13 19:35:10.049, 87, 2100, 106.82, 999
2026/09/13 19:35:10.254, 88, 2265, 97.19, 999
2026/09/13 19:35:10.459, 88, 2265, 97.19, 999
2026/09/13 19:35:10.663, 88, 2265, 97.19, 999
2026/09/13 19:35:10.866, 86, 2160, 91.15, 999
2026/09/13 19:35:11.070, 86, 2160, 91.15, 999
2026/09/13 19:35:11.274, 87, 2205, 96.86, 999
2026/09/13 19:35:11.479, 87, 2205, 96.86, 999
2026/09/13 19:35:11.684, 87, 2205, 96.86, 999
2026/09/13 19:35:11.888, 86, 2145, 107.13, 999
2026/09/13 19:35:12.093, 86, 2145, 107.13, 999
2026/09/13 19:35:12.301, 86, 2175, 96.55, 999
2026/09/13 19:35:12.505, 86, 2175, 96.55, 999
2026/09/13 19:35:12.707, 85, 2100, 97.28, 999
2026/09/13 19:35:12.911, 85, 2100, 97.28, 999
2026/09/13 19:35:13.113, 85, 2100, 97.28, 999
2026/09/13 19:35:13.318, 86, 2160, 98.06, 999
2026/09/13 19:35:13.522, 86, 2160, 98.06, 999
2026/09/13 19:35:13.727, 87, 2070, 96.05, 999
2026/09/13 19:35:13.931, 87, 2070, 96.05, 999
2026/09/13 19:35:14.134, 87, 2070, 96.05, 999
2026/09/13 19:35:14.337, 89, 2070, 96.76, 999
2026/09/13 19:35:14.540, 89, 2070, 96.76, 999
2026/09/13 19:35:14.744, 87, 2175, 97.90, 999
2026/09/13 19:35:14.949, 87, 2175, 97.90, 999
2026/09/13 19:35:15.155, 87, 2175, 97.90, 999
2026/09/13 19:35:15.357, 85, 1860, 95.08, 999
2026/09/13 19:35:15.559, 85, 1860, 95.08, 999
2026/09/13 19:35:15.764, 89, 2250, 105.33, 999
2026/09/13 19:35:15.968, 89, 2250, 105.33, 999
2026/09/13 19:35:16.173, 89, 2250, 105.33, 999
2026/09/13 19:35:16.378, 86, 2280, 86.14, 999
2026/09/13 19:35:16.582, 86, 2280, 86.14, 999
2026/09/13 19:35:16.785, 86, 2160, 92.92, 999
2026/09/13 19:35:16.988, 86, 2160, 92.92, 999
2026/09/13 19:35:17.193, 86, 2160, 92.92, 999
2026/09/13 19:35:17.398, 86, 1830, 85.30, 999
2026/09/13 19:35:17.603, 86, 1830, 85.30, 999
2026/09/13 19:35:17.809, 87, 1980, 95.58, 999
2026/09/13 19:35:18.011, 87, 1980, 95.58, 999
2026/09/13 19:35:18.215, 86, 1860, 88.42, 999
2026/09/13 19:35:18.421, 86, 1860, 88.42, 999
2026/09/13 19:35:18.626, 86, 1860, 88.42, 999
2026/09/13 19:35:18.831, 87, 1935, 90.90, 999
2026/09/13 19:35:19.035, 87, 1935, 90.90, 999
2026/09/13 19:35:19.240, 86, 1905, 91.54, 999
2026/09/13 19:35:19.445, 86, 1905, 91.54, 999
2026/09/13 19:35:19.650, 86, 1905, 91.54, 999
2026/09/13 19:35:19.857, 87, 1905, 92.41, 999
2026/09/13 19:35:20.061, 87, 1905, 92.41, 999
2026/09/13 19:35:20.267, 74, 2460, 57.57, 999
2026/09/13 19:35:20.471, 74, 2460, 57.57, 151
2026/09/13 19:35:20.678, 74, 2460, 57.57, 151
2026/09/13 19:35:20.883, 73, 2460, 22.85, 151
2026/09/13 19:35:21.086, 73, 2460, 22.85, 151
2026/09/13 19:35:21.290, 72, 2460, 22.90, 0
