2026/09/13 19:29:29.624, 53, 1980, 13.57, 0
2026/09/13 19:29:29.831, 53, 1980, 13.57, 0
2026/09/13 19:29:30.036, 53, 1980, 13.57, 0
2026/09/13 19:29:30.241, 52, 1980, 1.20, 0
2026/09/13 19:29:30.921, 53, 1980, 13.31, 0
2026/09/13 19:29:31.127, 53, 1980, 13.31, 0
2026/09/13 19:29:31.333, 52, 1290, 17.47, 0
2026/09/13 19:29:31.964, 53, 1980, 13.52, 0
2026/09/13 19:29:32.171, 53, 1980, 13.52, 0
2026/09/13 19:29:32.377, 52, 1290, 17.25, 0
2026/09/13 19:29:33.009, 53, 1980, 13.25, 0
2026/09/13 19:29:33.212, 52, 1980, 1.20, 0
2026/09/13 19:29:33.856, 53, 1980, 13.55, 0
2026/09/13 19:29:34.060, 52, 1980, 1.20, 0
2026/09/13 19:29:34.768, 54, 1980, 13.44, 0
2026/09/13 19:29:34.970, 54, 1980, 13.44, 0
2026/09/13 19:29:35.175, 52, 1290, 17.59, 0
2026/09/13 19:29:35.820, 54, 1980, 13.38, 0
2026/09/13 19:29:36.025, 54, 1980, 13.38, 0
2026/09/13 19:29:36.229, 52, 1290, 17.43, 0
2026/09/13 19:29:36.862, 54, 1980, 13.32, 0
2026/09/13 19:29:37.065, 52, 1980, 1.20, 0
2026/09/13 19:29:37.746, 54, 1980, 13.22, 0
2026/09/13 19:29:37.948, 52, 1980, 1.20, 0
2026/09/13 19:29:38.721, 54, 1980, 13.21, 0
2026/09/13 19:29:38.925, 52, 1980, 1.20, 0
2026/09/13 19:29:39.670, 54, 1980, 13.33, 0
2026/09/13 19:29:39.871, 52, 1980, 1.20, 0
2026/09/13 19:29:40.565, 54, 1980, 16.25, 0
2026/09/13 19:29:40.769, 52, 1980, 1.20, 0
2026/09/13 19:29:41.508, 54, 1980, 13.33, 0
2026/09/13 19:29:41.712, 52, 1980, 1.20, 0
2026/09/13 19:29:42.466, 54, 1980, 13.25, 0
2026/09/13 19:29:42.670, 52, 1980, 1.20, 0
2026/09/13 19:29:43.368, 55, 1980, 17.82, 0
2026/09/13 19:29:43.574, 52, 1980, 1.20, 0
2026/09/13 19:29:44.329, 55, 1980, 13.29, 0
2026/09/13 19:29:44.533, 52, 1980, 1.20, 0
2026/09/13 19:29:45.194, 55, 1980, 13.25, 0
2026/09/13 19:29:45.398, 55, 1980, 13.25, 0
2026/09/13 19:29:45.601, 52, 1290, 17.34, 0
2026/09/13 19:29:46.230, 55, 1980, 13.31, 0
2026/09/13 19:29:46.435, 55, 1980, 13.31, 0
2026/09/13 19:29:46.641, 52, 1290, 17.38, 0
2026/09/13 19:29:47.274, 55, 1980, 13.29, 0
2026/09/13 19:29:47.475, 52, 1980, 1.20, 0
2026/09/13 19:29:48.135, 55, 1980, 13.35, 0
2026/09/13 19:29:48.340, 52, 1980, 1.20, 0
2026/09/13 19:29:49.051, 55, 1980, 13.21, 0
2026/09/13 19:29:49.257, 55, 1980, 13.21, 0
2026/09/13 19:29:49.459, 52, 1290, 17.44, 0
2026/09/13 19:29:50.095, 55, 1980, 13.26, 0
2026/09/13 19:29:50.298, 55, 1980, 13.26, 0
2026/09/13 19:29:50.503, 52, 1290, 17.35, 0
2026/09/13 19:29:51.134, 55, 1980, 13.32, 0
2026/09/13 19:29:51.338, 52, 1980, 1.20, 0
2026/09/13 19:29:52.027, 55, 1980, 13.39, 0
2026/09/13 19:29:52.231, 52, 1980, 1.20, 0
2026/09/13 19:29:53.003, 55, 1980, 12.54, 0
2026/09/13 19:29:53.208, 52, 1980, 1.20, 0
2026/09/13 19:29:53.929, 55, 1980, 13.14, 0
2026/09/13 19:29:54.134, 55, 1980, 13.14, 0
2026/09/13 19:29:54.337, 52, 1290, 17.40, 0
2026/09/13 19:29:54.980, 56, 1980, 12.92, 0
2026/09/13 19:29:55.184, 52, 1980, 1.20, 0
2026/09/13 19:29:55.939, 56, 1980, 13.37, 0
2026/09/13 19:29:56.144, 56, 1980, 13.37, 0
2026/09/13 19:29:56.349, 52, 1290, 17.40, 0
2026/09/13 19:29:56.978, 56, 1980, 13.23, 0
2026/09/13 19:29:57.184, 52, 1980, 1.20, 0
2026/09/13 19:29:57.864, 56, 1980, 13.17, 0
2026/09/13 19:29:58.070, 52, 1980, 1.20, 0
2026/09/13 19:29:58.780, 56, 1980, 13.41, 0
2026/09/13 19:29:58.984, 52, 1980, 1.20, 0
2026/09/13 19:29:59.679, 56, 1980, 13.26, 0
2026/09/13 19:29:59.883, 52, 1980, 1.20, 0
2026/09/13 19:30:00.595, 56, 1980, 13.23, 0
2026/09/13 19:30:00.798, 52, 1980, 1.20, 0
2026/09/13 19:30:01.477, 56, 1980, 13.17, 0
2026/09/13 19:30:01.684, 52, 1980, 1.20, 0
2026/09/13 19:30:02.379, 56, 1980, 13.27, 0
2026/09/13 19:30:02.584, 52, 1980, 1.20, 0
2026/09/13 19:30:03.276, 56, 1980, 13.15, 0
2026/09/13 19:30:03.480, 52, 1980, 1.20, 0
2026/09/13 19:30:04.204, 56, 1980, 13.20, 0
2026/09/13 19:30:04.408, 56, 1980, 13.20, 0
2026/09/13 19:30:04.613, 52, 1290, 590.01, 0
2026/09/13 19:30:05.245, 56, 1980, 12.51, 0
2026/09/13 19:30:05.452, 52, 1980, 1.20, 0
2026/09/13 19:30:06.176, 56, 1980, 13.05, 0
2026/09/13 19:30:06.382, 56, 1980, 13.05, 0
2026/09/13 19:30:06.588, 52, 1290, 17.24, 0
2026/09/13 19:30:07.219, 56, 1980, 13.15, 0
2026/09/13 19:30:07.423, 56, 1980, 13.15, 0
2026/09/13 19:30:07.629, 52, 1290, 17.44, 0
2026/09/13 19:30:08.258, 56, 1980, 13.24, 0
2026/09/13 19:30:08.460, 52, 1980, 1.20, 0
2026/09/13 19:30:09.138, 57, 1980, 13.10, 0
2026/09/13 19:30:09.343, 52, 1980, 1.20, 0
2026/09/13 19:30:10.047, 57, 1980, 13.17, 0
2026/09/13 19:30:10.252, 57, 1980, 13.17, 0
2026/09/13 19:30:10.458, 52, 1290, 17.60, 0
2026/09/13 19:30:11.091, 57, 1980, 13.33, 0
2026/09/13 19:30:11.294, 57, 1980, 13.33, 0
2026/09/13 19:30:11.498, 52, 1290, 17.59, 0
2026/09/13 19:30:12.128, 57, 1980, 13.22, 0
2026/09/13 19:30:12.331, 52, 1980, 1.20, 0
2026/09/13 19:30:13.012, 57, 1980, 13.26, 0
2026/09/13 19:30:13.217, 52, 1980, 1.20, 0
2026/09/13 19:30:13.921, 57, 1980, 13.31, 0
2026/09/13 19:30:14.127, 52, 1980, 1.20, 0
2026/09/13 19:30:14.785, 57, 1980, 13.22, 0
2026/09/13 19:30:14.991, 52, 1980, 1.20, 0
2026/09/13 19:30:15.681, 57, 1980, 14.56, 0
2026/09/13 19:30:15.886, 57, 1980, 14.56, 0
2026/09/13 19:30:16.092, 58, 1980, 16.57, 0
2026/09/13 19:30:16.293, 52, 1980, 1.20, 0
2026/09/13 19:30:17.017, 57, 1980, 13.05, 0
2026/09/13 19:30:17.221, 52, 1980, 1.20, 0
2026/09/13 19:30:17.913, 57, 1980, 13.17, 0
2026/09/13 19:30:18.119, 52, 1980, 1.20, 0
2026/09/13 19:30:18.811, 57, 1980, 13.09, 0
2026/09/13 19:30:19.015, 52, 1980, 1.20, 0
2026/09/13 19:30:19.674, 57, 1980, 13.13, 0
2026/09/13 19:30:19.879, 52, 1980, 1.20, 0
2026/09/13 19:30:20.587, 57, 1980, 12.90, 0
2026/09/13 19:30:20.790, 52, 1980, 1.20, 0
2026/09/13 19:30:21.467, 57, 1980, 13.07, 0
2026/09/13 19:30:21.673, 52, 1980, 1.20, 0
2026/09/13 19:30:22.399, 57, 1980, 13.15, 0
2026/09/13 19:30:22.605, 52, 1980, 1.20, 0
2026/09/13 19:30:23.281, 57, 1980, 13.10, 0
2026/09/13 19:30:23.485, 57, 1980, 13.10, 0
2026/09/13 19:30:23.689, 52, 1980, 1.20, 0
2026/09/13 19:30:24.305, 57, 1980, 13.21, 0
2026/09/13 19:30:24.506, 57, 1980, 13.21, 0
2026/09/13 19:30:24.711, 52, 1290, 17.49, 0
2026/09/13 19:30:25.342, 57, 1980, 13.30, 0
2026/09/13 19:30:25.548, 57, 1980, 13.30, 0
2026/09/13 19:30:25.752, 52, 1290, 17.37, 0
2026/09/13 19:30:26.382, 57, 1980, 13.23, 0
2026/09/13 19:30:26.586, 57, 1980, 13.23, 0
2026/09/13 19:30:26.791, 52, 1980, 1.20, 0
2026/09/13 19:30:27.327, 57, 1980, 12.98, 0
2026/09/13 19:30:27.532, 57, 1980, 12.98, 0
2026/09/13 19:30:27.736, 52, 1290, 17.47, 0
2026/09/13 19:30:28.364, 57, 1980, 13.05, 21
2026/09/13 19:30:28.569, 57, 1980, 13.05, 207
2026/09/13 19:30:28.773, 58, 1980, 15.81, 251
2026/09/13 19:30:28.975, 58, 1980, 15.81, 283
2026/09/13 19:30:29.179, 58, 1980, 15.81, 283
2026/09/13 19:30:29.383, 58, 1980, 17.31, 357
2026/09/13 19:30:29.587, 58, 1980, 17.31, 429
2026/09/13 19:30:29.792, 59, 1980, 15.64, 429
2026/09/13 19:30:29.995, 59, 1980, 15.64, 429
2026/09/13 19:30:30.202, 59, 1980, 15.64, 429
2026/09/13 19:30:30.407, 64, 1980, 15.82, 429
2026/09/13 19:30:30.615, 64, 1980, 15.82, 429
2026/09/13 19:30:30.821, 81, 2340, 126.96, 429
2026/09/13 19:30:31.026, 81, 2340, 126.96, 429
2026/09/13 19:30:31.232, 84, 2340, 127.84, 429
2026/09/13 19:30:31.438, 84, 2340, 127.84, 429
2026/09/13 19:30:31.641, 84, 2340, 127.84, 429
2026/09/13 19:30:31.848, 83, 2310, 121.67, 429
2026/09/13 19:30:32.054, 83, 2310, 121.67, 429
2026/09/13 19:30:32.259, 85, 2310, 126.15, 429
2026/09/13 19:30:32.466, 85, 2310, 126.15, 429
2026/09/13 19:30:32.673, 85, 2310, 126.15, 429
2026/09/13 19:30:32.875, 85, 2310, 123.09, 997
2026/09/13 19:30:33.080, 85, 2310, 123.09, 999
2026/09/13 19:30:33.284, 66, 2430, 27.25, 1011
2026/09/13 19:30:33.487, 66, 2430, 27.25, 1011
2026/09/13 19:30:33.693, 66, 2430, 27.25, 1011
2026/09/13 19:30:33.898, 78, 2355, 51.01, 1011
2026/09/13 19:30:34.100, 78, 2355, 51.01, 1011
2026/09/13 19:30:34.304, 65, 2505, 21.71, 1011
2026/09/13 19:30:34.506, 65, 2505, 21.71, 1035
2026/09/13 19:30:34.713, 65, 2505, 21.71, 1047
2026/09/13 19:30:34.919, 62, 2505, 19.78, 1175
2026/09/13 19:30:35.124, 62, 2505, 19.78, 1175
2026/09/13 19:30:35.327, 80, 2415, 113.72, 1175
2026/09/13 19:30:35.531, 80, 2415, 113.72, 1175
2026/09/13 19:30:35.736, 82, 2310, 119.84, 1175
2026/09/13 19:30:35.940, 82, 2310, 119.84, 1175
2026/09/13 19:30:36.144, 82, 2310, 119.84, 1175
2026/09/13 19:30:36.350, 84, 2475, 112.86, 1175
2026/09/13 19:30:36.556, 84, 2475, 112.86, 1175
2026/09/13 19:30:36.761, 85, 2490, 129.75, 1175
2026/09/13 19:30:36.966, 85, 2490, 129.75, 1175
2026/09/13 19:30:37.172, 85, 2490, 129.75, 1175
2026/09/13 19:30:37.376, 86, 2460, 117.82, 1175
2026/09/13 19:30:37.582, 86, 2460, 117.82, 1175
2026/09/13 19:30:37.786, 87, 2370, 124.37, 1175
2026/09/13 19:30:37.993, 87, 2370, 124.37, 1175
2026/09/13 19:30:38.197, 87, 2370, 124.37, 1175
2026/09/13 19:30:38.401, 87, 2475, 127.56, 1175
2026/09/13 19:30:38.607, 87, 2475, 127.56, 1175
2026/09/13 19:30:38.814, 85, 2475, 123.51, 1175
2026/09/13 19:30:39.019, 85, 2475, 123.51, 1175
2026/09/13 19:30:39.223, 88, 2430, 130.53, 1175
2026/09/13 19:30:39.426, 88, 2430, 130.53, 1175
2026/09/13 19:30:39.631, 88, 2430, 130.53, 1175
2026/09/13 19:30:39.835, 85, 2490, 110.18, 1175
2026/09/13 19:30:40.041, 85, 2490, 110.18, 1175
2026/09/13 19:30:40.247, 86, 2490, 118.82, 1175
2026/09/13 19:30:40.454, 86, 2490, 118.82, 1175
2026/09/13 19:30:40.656, 86, 2490, 118.82, 1175
2026/09/13 19:30:40.862, 87, 2265, 122.23, 1175
2026/09/13 19:30:41.065, 87, 2265, 122.23, 1175
2026/09/13 19:30:41.270, 85, 2235, 118.38, 1175
2026/09/13 19:30:41.472, 85, 2235, 118.38, 1175
2026/09/13 19:30:41.674, 85, 2235, 118.38, 1175
2026/09/13 19:30:41.879, 87, 2430, 122.71, 1175
2026/09/13 19:30:42.086, 87, 2430, 122.71, 1175
2026/09/13 19:30:42.293, 85, 2190, 114.80, 1175
2026/09/13 19:30:42.498, 85, 2190, 114.80, 1175
2026/09/13 19:30:42.704, 85, 2190, 114.80, 1175
2026/09/13 19:30:42.910, 85, 2235, 118.87, 1175
2026/09/13 19:30:43.114, 85, 2235, 118.87, 1175
2026/09/13 19:30:43.322, 86, 2490, 117.02, 1175
2026/09/13 19:30:43.527, 86, 2490, 117.02, 1175
2026/09/13 19:30:43.733, 86, 2175, 118.79, 1175
2026/09/13 19:30:43.936, 86, 2175, 118.79, 1175
2026/09/13 19:30:44.139, 86, 2175, 118.79, 1175
2026/09/13 19:30:44.345, 86, 2265, 119.76, 1175
2026/09/13 19:30:44.550, 86, 2265, 119.76, 1175
2026/09/13 19:30:44.757, 87, 2235, 118.92, 1175
2026/09/13 19:30:44.963, 87, 2235, 118.92, 1175
2026/09/13 19:30:45.169, 87, 2235, 118.92, 1175
2026/09/13 19:30:45.373, 87, 2220, 120.54, 1175
2026/09/13 19:30:45.580, 87, 2220, 120.54, 1175
2026/09/13 19:30:45.786, 87, 2250, 120.12, 1175
2026/09/13 19:30:45.992, 87, 2250, 120.12, 1175
2026/09/13 19:30:46.193, 87, 2250, 120.12, 1175
2026/09/13 19:30:46.398, 68, 2490, 92.31, 1175
2026/09/13 19:30:46.602, 68, 2490, 92.31, 187
2026/09/13 19:30:46.808, 66, 2490, 21.93, 187
2026/09/13 19:30:47.015, 66, 2490, 21.93, 187
2026/09/13 19:30:47.217, 66, 2505, 24.04, 187
2026/09/13 19:30:47.423, 66, 2505, 24.04, 187
2026/09/13 19:30:47.627, 66, 2505, 24.04, 187
2026/09/13 19:30:47.830, 65, 555, 21.31, 187
2026/09/13 19:30:48.034, 65, 555, 21.31, 187
2026/09/13 19:30:48.236, 63, 465, 7.80, 187
