run,candidate,cohort,seed,training_tokens,ffn_parameters,total_parameters,ffn_reduction_percent,total_reduction_percent,validation_loss,perplexity,training_tokens_per_second,inference_tokens_per_second,peak_allocated_vram_bytes,final_gradient_norm,clipped_step_fraction,status
baseline_gelu_s17_200,gelu,f74d94f3a9dc,17,409600,1179648,2557632,0.0,0.0,4.0923213213682175,59.87872827109403,26918.135959212384,81755.99746907594,257502208,0.9762604236602783,0.25,SCREENED
baseline_narrow_s17_200,gelu_narrow,f74d94f3a9dc,17,409600,294912,1672896,75.0,34.59199759777795,4.2411178201437,69.48548071314798,27122.400881731646,81118.77364895407,224275456,1.0284465551376343,0.605,SCREENED
baseline_swiglu_s17_200,swiglu,f74d94f3a9dc,17,409600,1179648,2557632,0.0,0.0,4.076454520225525,58.936142085732925,23997.517904750184,75345.62228937456,269298688,0.888118326663971,0.365,SCREENED
bezier_shared_s43_200,bezier_shared,f74d94f3a9dc,43,409600,294920,1672904,74.99932183159721,34.59168480844781,4.2127785831689835,67.5439558128502,24012.0022492468,59788.17819173824,264000512,1.0308094024658203,0.64,SCREENED
blockshuffle_gate_native_s17_profile20,blockshuffle_swiglu,5d7d13a88b2d,17,40960,350208,1728192,70.3125,32.42999774791683,6.825616300106049,921.143930251788,16819.640807022293,51331.64427941958,285604864,1.598068118095398,1.0,SCREENED
blockshuffle_gate_recompute_False_s17_profile20,blockshuffle_swiglu,76af46d21cc2,17,40960,350208,1728192,70.3125,32.42999774791683,6.825616300106049,921.143930251788,18231.535696255305,59939.79679588288,300809216,1.598068118095398,1.0,SCREENED
blockshuffle_gate_recompute_True_s17_profile20,blockshuffle_swiglu,9d7a64c7dad8,17,40960,350208,1728192,70.3125,32.42999774791683,6.825789213180542,921.303221852222,16634.018614819284,58731.63190680034,287702016,1.6007323265075684,1.0,SCREENED
blockshuffle_h1024_fan_in_s17_800,blockshuffle_swiglu,3dc7beb6cfa8,17,1638400,350208,1728192,70.3125,32.42999774791683,3.0989817827939987,22.175360448648,17157.795919752363,53769.28461122874,300809216,1.1900793313980103,0.7325,SCREENED
blockshuffle_h1024_native_s17_800,blockshuffle_swiglu,b8b7b9e57883,17,1638400,350208,1728192,70.3125,32.42999774791683,3.098955601453781,22.17477987559177,17152.21902216622,53982.85675276873,285604864,1.1912769079208374,0.7325,SCREENED
blockshuffle_h1024_native_s29_800,blockshuffle_swiglu,b8b7b9e57883,29,1638400,350208,1728192,70.3125,32.42999774791683,3.1196902245283127,22.63936543671007,18566.265838575695,56894.40448545078,285604864,1.1786746978759766,0.69125,SCREENED
blockshuffle_h1024_native_s43_800,blockshuffle_swiglu,b8b7b9e57883,43,1638400,350208,1728192,70.3125,32.42999774791683,3.1053975224494934,22.31808915357986,17237.432528574074,55088.58376969557,285604864,1.2264598608016968,0.74375,SCREENED
blockshuffle_h832_fan_in_s17_200,blockshuffle_swiglu,81d833c3f762,17,409600,294912,1672896,75.0,34.59199759777795,4.177204757928848,65.18339495738822,17319.074940809707,53510.7456093035,286403584,0.8673825860023499,0.28,SCREENED
blockshuffle_h832_fan_in_s17_800,blockshuffle_swiglu,3dc7beb6cfa8,17,1638400,294912,1672896,75.0,34.59199759777795,3.115321606397629,22.54067841430574,17841.112747830888,55958.19529355541,287583232,1.2367719411849976,0.75,SCREENED
blockshuffle_h832_product_decay_s17_800,blockshuffle_swiglu,6b02e5a0f5c2,17,1638400,294912,1672896,75.0,34.59199759777795,3.118254065513611,22.60687504422047,18650.308444617982,51576.049573414275,287583232,1.1959315538406372,0.68375,SCREENED
gelu_h228_calibrated_s17_200,gelu,28485d2d47ac,17,409600,350208,1728192,70.3125,32.42999774791683,4.100158154964447,60.349831468087025,156434.66613507931,503844.8512114757,226229248,0.9872053265571594,0.26,SCREENED
gelu_h228_calibrated_s17_800,gelu,b25c8ab0f726,17,1638400,350208,1728192,70.3125,32.42999774791683,3.217537611722946,24.966567046566873,155433.21773619496,597524.7072227717,226229248,1.2740615606307983,0.86875,SCREENED
gelu_h228_s17_200,gelu,f74d94f3a9dc,17,409600,350208,1728192,70.3125,32.42999774791683,4.1924043744802475,66.18172546657827,29476.035665585765,94256.41826514195,226787328,1.0369553565979004,0.505,SCREENED
gelu_narrow_s17_800,gelu_narrow,157d7e4e5bee,17,1638400,294912,1672896,75.0,34.59199759777795,3.2044907212257385,24.64294669047162,25768.934077976675,82336.53504171286,225455104,1.446674108505249,0.96375,SCREENED
gelu_narrow_s29_200,gelu_narrow,f74d94f3a9dc,29,409600,294912,1672896,75.0,34.59199759777795,4.1846301555633545,65.66920903328574,26063.579688677826,82349.82215171763,225455104,0.932915210723877,0.595,SCREENED
gelu_narrow_s43_200,gelu_narrow,f74d94f3a9dc,43,409600,294912,1672896,75.0,34.59199759777795,4.22227555513382,68.1884745113835,27989.37686910027,89114.64082193664,225455104,1.030551791191101,0.61,SCREENED
gelu_s17_800,gelu,157d7e4e5bee,17,1638400,1179648,2557632,0.0,0.0,3.193122014403343,24.364374756020847,29491.93116097035,90569.28188909938,257502208,1.2085455656051636,0.83625,SCREENED
gelu_s29_200,gelu,f74d94f3a9dc,29,409600,1179648,2557632,0.0,0.0,4.079646393656731,59.124559333831144,26111.970709926518,84020.30600120714,257502208,0.8783469200134277,0.27,SCREENED
gelu_s43_200,gelu,f74d94f3a9dc,43,409600,1179648,2557632,0.0,0.0,4.081874370574951,59.25643434001082,27417.969577452506,84071.24874127728,257240064,0.9037374258041382,0.205,SCREENED
quadratic_direct_s17_200,quadratic_bezier,f74d94f3a9dc,17,409600,350232,1728216,70.31046549479167,32.42905937992643,4.265256404876709,71.18316934544077,135688.47499490247,439006.71871772053,255468544,0.9725061655044556,0.6,SCREENED
scale384_blockshuffle_s17_200,blockshuffle_swiglu,a76b2bbceda0,17,409600,2801664,9099648,70.3125,42.16999780364594,3.6333047449588776,37.83765402205873,8750.4083595058,26410.215904807912,740590080,1.0783873796463013,0.88,SCREENED
scale384_blockshuffle_s17_800,blockshuffle_swiglu,1ecf93bb6aae,17,1638400,2801664,9099648,70.3125,42.16999780364594,2.772705554962158,16.001869432761364,9494.760547327844,27296.569362362083,740590080,1.0884877443313599,0.82375,SCREENED
scale384_blockshuffle_s29_800,blockshuffle_swiglu,1ecf93bb6aae,29,1638400,2801664,9099648,70.3125,42.16999780364594,2.768049269914627,15.92753336665219,9935.092751724074,26722.412588484905,740590080,1.1086946725845337,0.81125,SCREENED
scale384_blockshuffle_s43_800,blockshuffle_swiglu,1ecf93bb6aae,43,1638400,2801664,9099648,70.3125,42.16999780364594,2.773441970348358,16.013657795652776,8952.44306503557,28751.754107372188,740590080,1.1210217475891113,0.93,SCREENED
scale384_calibrated_narrow_s17_200,swiglu_narrow,44e50c4beed4,17,409600,2801664,9099648,70.3125,42.16999780364594,3.6553074717521667,38.67941211360999,16193.562545353201,40188.60911959485,537164800,1.1885572671890259,1.0,SCREENED
scale384_calibrated_narrow_s17_800,swiglu_narrow,96d61551b50a,17,1638400,2801664,9099648,70.3125,42.16999780364594,2.8135207295417786,16.668500313889503,12970.84127990961,41271.88059582775,537164800,1.1263614892959595,0.8575,SCREENED
scale384_calibrated_narrow_s29_800,swiglu_narrow,96d61551b50a,29,1638400,2801664,9099648,70.3125,42.16999780364594,2.820087194442749,16.778313584063284,13539.98433143734,41421.74196492932,537164800,1.148568034172058,0.94125,SCREENED
scale384_calibrated_narrow_s43_800,swiglu_narrow,96d61551b50a,43,1638400,2801664,9099648,70.3125,42.16999780364594,2.8050830364227295,16.528448312303137,13953.85592697831,42308.801780136106,537164800,1.133744239807129,0.93125,SCREENED
scale384_full_gelu_s17_200,gelu,de858c14c277,17,409600,9437184,15735168,0.0,0.0,3.6496178060770035,38.459964075160364,15408.094562813589,48682.99580763903,681966592,1.0027856826782227,0.665,SCREENED
scale384_full_gelu_s17_800,gelu,325797fa4e54,17,1638400,9437184,15735168,0.0,0.0,2.8983014523983,18.143301920361527,14902.920806860955,41274.28441448024,681966592,1.0515443086624146,0.75875,SCREENED
scale384_full_gelu_s29_800,gelu,325797fa4e54,29,1638400,9437184,15735168,0.0,0.0,2.8950880467891693,18.085093705592442,13677.839566442579,43049.32433794105,681966592,1.0837857723236084,0.81125,SCREENED
scale384_full_gelu_s43_800,gelu,325797fa4e54,43,1638400,9437184,15735168,0.0,0.0,2.890531614422798,18.00287764747864,14969.299649579798,48475.58334422504,681966592,1.0990161895751953,0.84375,SCREENED
scale384_full_swiglu_s17_200,swiglu,de858c14c277,17,409600,9437184,15735168,0.0,0.0,3.6414187997579575,38.14591977155917,14097.113942695982,44827.66193609748,729481728,1.0903445482254028,0.95,SCREENED
scale384_full_swiglu_s17_800,swiglu,325797fa4e54,17,1638400,9437184,15735168,0.0,0.0,2.7758520543575287,16.05229860132456,13797.82966651503,44060.87830741646,729481728,1.1346875429153442,0.77875,SCREENED
scale384_full_swiglu_s29_800,swiglu,325797fa4e54,29,1638400,9437184,15735168,0.0,0.0,2.7771427631378174,16.073030820823774,13621.266481134488,41874.11756971558,729481728,1.0962104797363281,0.72875,SCREENED
scale384_full_swiglu_s43_800,swiglu,325797fa4e54,43,1638400,9437184,15735168,0.0,0.0,2.770414814352989,15.965255253433897,12594.093358849834,41567.31510050184,729481728,1.1292277574539185,0.86375,SCREENED
shared_gelu_s17_200,shared_gelu,f74d94f3a9dc,17,409600,294912,1672896,75.0,34.59199759777795,4.13642093539238,62.57844785699872,26904.482601253687,81045.6257589104,245115904,1.110048532485962,0.83,SCREENED
shared_swiglu_affine_s17_800,shared_swiglu_affine,157d7e4e5bee,17,1638400,301056,1679040,74.47916666666667,34.35177539223781,3.1391838639974594,23.085018653576473,20840.229218408724,68597.45119828485,274713600,1.6186259984970093,0.995,SCREENED
shared_swiglu_h608_s17_800,shared_swiglu,157d7e4e5bee,17,1638400,350208,1728192,70.3125,32.42999774791683,3.1370582580566406,23.036001115223804,27701.687825900746,83083.72605631695,263191552,1.5647996664047241,0.9925,SCREENED
shared_swiglu_s17_200,shared_swiglu,f74d94f3a9dc,17,409600,294912,1672896,75.0,34.59199759777795,4.170852154493332,64.77062317450212,24990.41344825397,81686.11631177475,256912384,1.0547313690185547,0.915,SCREENED
shared_swiglu_s17_800,shared_swiglu,157d7e4e5bee,17,1638400,294912,1672896,75.0,34.59199759777795,3.1401719748973846,23.107840485526637,27856.63338587635,85059.5008098494,255242240,1.614740252494812,0.995,SCREENED
structured_gelu_s17_200,structured_gelu,f74d94f3a9dc,17,409600,294912,1672896,75.0,34.59199759777795,4.224084407091141,68.31192898874532,26953.877483809974,78998.31575692869,244067328,0.9087782502174377,0.46,SCREENED
swiglu_h0_s29_800,swiglu,157d7e4e5bee,29,1638400,1179648,2557632,0.0,0.0,3.066727861762047,21.471529789236033,26828.26442159733,85907.25344393174,269036544,1.4467580318450928,0.92875,SCREENED
swiglu_h0_s43_800,swiglu,157d7e4e5bee,43,1638400,1179648,2557632,0.0,0.0,3.0696400105953217,21.53414921394845,23343.47337581976,77728.9385447211,269036544,1.4112790822982788,0.90625,SCREENED
swiglu_h152_width_init_and_lr_s17_800,swiglu_narrow,b25c8ab0f726,17,1638400,350208,1728192,70.3125,32.42999774791683,3.1261035799980164,22.78502632311946,26837.925070198897,87826.8598664759,231865344,1.4174158573150635,0.93125,SCREENED
swiglu_h152_width_init_and_lr_s29_800,swiglu_narrow,b25c8ab0f726,29,1638400,350208,1728192,70.3125,32.42999774791683,3.136859640479088,23.031426214828652,26343.76446072504,80026.48793391463,231865344,1.4019988775253296,0.935,SCREENED
swiglu_h152_width_init_and_lr_s43_800,swiglu_narrow,b25c8ab0f726,43,1638400,350208,1728192,70.3125,32.42999774791683,3.1415345072746277,23.139347125890808,25151.747310486935,77813.51125766661,232423424,1.466579794883728,0.92375,SCREENED
swiglu_h152_width_init_only_s17_200,swiglu_narrow,246632d74e5f,17,409600,350208,1728192,70.3125,32.42999774791683,4.34211277961731,76.86977678954347,25116.675192540763,80398.4854622047,231865344,1.0380364656448364,0.6,SCREENED
swiglu_h152_width_lr_only_s17_200,swiglu_narrow,2ecb4141a500,17,409600,350208,1728192,70.3125,32.42999774791683,4.178480908274651,65.2666318695144,25301.274181035973,80029.66724769786,232423424,0.9383624792098999,0.405,SCREENED
swiglu_h608_s17_800,swiglu,157d7e4e5bee,17,1638400,1400832,2778816,-18.75,-8.647999399444494,3.0511797219514847,21.140269357224575,24620.182419494013,78438.54192147385,279209472,1.3620601892471313,0.89625,SCREENED
swiglu_narrow_h152_s17_800,swiglu_narrow,157d7e4e5bee,17,1638400,350208,1728192,70.3125,32.42999774791683,3.1494749933481216,23.323816207329205,26921.838635182692,79562.47888402737,233305600,1.5723328590393066,0.97375,SCREENED
swiglu_narrow_h152_s29_800,swiglu_narrow,157d7e4e5bee,29,1638400,350208,1728192,70.3125,32.42999774791683,3.174934595823288,23.925255005595144,26404.435268833764,85235.9630838991,233176064,1.539523720741272,0.9675,SCREENED
swiglu_narrow_h152_s43_800,swiglu_narrow,157d7e4e5bee,43,1638400,350208,1728192,70.3125,32.42999774791683,3.176503986120224,23.962832547855,23877.12655235711,73615.16855861417,233176064,1.6329025030136108,0.95625,SCREENED
swiglu_narrow_s17_200,swiglu_narrow,f74d94f3a9dc,17,409600,294912,1672896,75.0,34.59199759777795,4.419071286916733,83.01914857547455,26013.98536508601,81921.31074101821,229518336,1.1014299392700195,0.64,SCREENED
swiglu_narrow_s17_800,swiglu_narrow,157d7e4e5bee,17,1638400,294912,1672896,75.0,34.59199759777795,3.1664920300245285,23.72411473068132,24437.420756931027,78919.49145742304,229518336,1.5626404285430908,0.97125,SCREENED
swiglu_s17_800,swiglu,157d7e4e5bee,17,1638400,1179648,2557632,0.0,0.0,3.0650454461574554,21.435436123251275,27586.74617055078,81813.05397583004,267725824,1.3640187978744507,0.915,SCREENED
swiglu_s29_200,swiglu,f74d94f3a9dc,29,409600,1179648,2557632,0.0,0.0,4.078197851777077,59.038976933330254,24358.170013596624,76547.61295159343,267725824,0.9061607718467712,0.375,SCREENED
wikitext2_blockshuffle_affine_lr1200_s17_200,blockshuffle_swiglu_affine_activation,a69df5e214c7,17,409600,2801792,9099776,70.31114366319444,42.169184339182145,5.894765287956894,363.1315945372341,7541.868690236668,23502.010753090355,752960512,0.744218111038208,0.1,SCREENED
wikitext2_blockshuffle_affine_lr1200_s17_800,blockshuffle_swiglu_affine_activation,eb54372bff64,17,1638400,2801792,9099776,70.31114366319444,42.169184339182145,4.749981964736267,115.5821999529308,21779.354614622604,74693.06729395394,752960512,0.9956811666488647,0.14,SCREENED
wikitext2_blockshuffle_affine_lr1200_s29_800,blockshuffle_swiglu_affine_activation,eb54372bff64,29,1638400,2801792,9099776,70.31114366319444,42.169184339182145,4.7577938102909805,116.48864614702639,50837.39344294831,197779.2964597882,752960512,0.9851157665252686,0.1175,SCREENED
wikitext2_blockshuffle_affine_lr1200_s43_800,blockshuffle_swiglu_affine_activation,eb54372bff64,43,1638400,2801792,9099776,70.31114366319444,42.169184339182145,4.754844168829852,116.1455526567461,49129.28669746745,166687.4664266667,752960512,0.9867186546325684,0.1725,SCREENED
wikitext2_blockshuffle_affine_lr300_s17_200,blockshuffle_swiglu_affine_activation,3872ec405d08,17,409600,2801792,9099776,70.31114366319444,42.169184339182145,6.073762598798087,434.3117519944495,7654.263435561679,24409.767530312412,752960512,1.1313773393630981,0.605,SCREENED
wikitext2_blockshuffle_affine_lr600_s17_200,blockshuffle_swiglu_affine_activation,ec33d58f0c32,17,409600,2801792,9099776,70.31114366319444,42.169184339182145,5.98466442294274,397.2891777439439,6779.385932765162,23788.16729941957,752960512,0.8760517239570618,0.175,SCREENED
wikitext2_blockshuffle_affine_lr600_s17_800,blockshuffle_swiglu_affine_activation,0312f63c4078,17,1638400,2801792,9099776,70.31114366319444,42.169184339182145,4.816195448822844,123.49435528422251,21606.04985736786,73892.83422364914,752960512,0.9976666569709778,0.29,SCREENED
wikitext2_blockshuffle_lr1200_s17_200,blockshuffle_swiglu,a37d99650848,17,409600,2801664,9099648,70.3125,42.16999780364594,5.985973683107188,397.80967329582523,14731.074509243359,213546.3606582567,748807168,0.7199949026107788,0.1,SCREENED
wikitext2_blockshuffle_lr1200_s17_3200,blockshuffle_swiglu,e59ff1fc9bf3,17,6553600,2801664,9099648,70.3125,42.16999780364594,4.145726323837044,63.1634823878358,26383.587503722392,82723.77730984412,748807168,1.030495285987854,0.3046875,SCREENED
wikitext2_blockshuffle_lr1200_s17_800,blockshuffle_swiglu,5b893a81e918,17,1638400,2801664,9099648,70.3125,42.16999780364594,4.75089975161857,115.68832847410793,26024.27164169492,81953.66656577624,748807168,0.9548531174659729,0.125,SCREENED
wikitext2_blockshuffle_lr1200_s29_3200,blockshuffle_swiglu,e59ff1fc9bf3,29,6553600,2801664,9099648,70.3125,42.16999780364594,4.14113966579808,62.87443647767817,26118.3950181985,82171.59847832503,748807168,1.0838042497634888,0.369375,SCREENED
wikitext2_blockshuffle_lr1200_s29_800,blockshuffle_swiglu,5b893a81e918,29,1638400,2801664,9099648,70.3125,42.16999780364594,4.755465253673343,116.21771130514195,26032.544023576153,81706.7127969999,748807168,0.9874007105827332,0.13125,SCREENED
wikitext2_blockshuffle_lr1200_s43_3200,blockshuffle_swiglu,e59ff1fc9bf3,43,6553600,2801664,9099648,70.3125,42.16999780364594,4.155463370951524,63.78151220152047,24357.548681730856,75198.08342805793,748807168,1.0167629718780518,0.331875,SCREENED
wikitext2_blockshuffle_lr1200_s43_800,blockshuffle_swiglu,5b893a81e918,43,1638400,2801664,9099648,70.3125,42.16999780364594,4.770721936216434,118.00440286872964,26710.558411421498,67632.2461388848,748807168,0.961233377456665,0.12625,SCREENED
wikitext2_blockshuffle_lr2400_s17_800,blockshuffle_swiglu,92d585499536,17,1638400,2801664,9099648,70.3125,42.16999780364594,4.914225750052707,136.21380543276183,26378.610260058704,82543.44513824658,748807168,0.6313561797142029,0.0575,SCREENED
wikitext2_blockshuffle_lr300_s17_200,blockshuffle_swiglu,a9222d4a85e0,17,409600,2801664,9099648,70.3125,42.16999780364594,6.076798108776899,435.6321126216215,9009.764274144922,27938.51289900177,748807168,1.0267889499664307,0.575,SCREENED
wikitext2_blockshuffle_lr4800_s17_800,blockshuffle_swiglu,81e07f815198,17,1638400,2801664,9099648,70.3125,42.16999780364594,5.243554562058349,189.34193532173947,26443.007557846366,84733.1168850555,748807168,0.5106537938117981,0.0275,SCREENED
wikitext2_blockshuffle_lr600_s17_200,blockshuffle_swiglu,ceabf7f18851,17,409600,2801664,9099648,70.3125,42.16999780364594,5.970604332890221,391.7423420103408,62052.79948193636,211909.78520451864,748807168,0.8760297894477844,0.16,SCREENED
wikitext2_blockshuffle_lr600_s17_800,blockshuffle_swiglu,251487c2a232,17,1638400,2801664,9099648,70.3125,42.16999780364594,4.832481096586222,125.52200685006746,26045.116899733403,82091.64816366525,748807168,0.986642599105835,0.28125,SCREENED
wikitext2_blockshuffle_lr600_s29_800,blockshuffle_swiglu,251487c2a232,29,1638400,2801664,9099648,70.3125,42.16999780364594,4.850174876065162,127.76273053613642,65675.7401511123,199399.2060377374,748807168,1.0546400547027588,0.24625,SCREENED
wikitext2_blockshuffle_lr600_s43_800,blockshuffle_swiglu,251487c2a232,43,1638400,2801664,9099648,70.3125,42.16999780364594,4.834794679457874,125.81274861302556,60813.72456092733,238417.87388991745,748807168,0.9976097345352173,0.26,SCREENED
wikitext2_blockshuffle_product_lr1200_s17_3200,blockshuffle_swiglu,0cd96440ad52,17,6553600,2801664,9099648,70.3125,42.16999780364594,4.152417962204034,63.587566897592055,15337.859406884781,49282.42890500667,748807168,1.077231764793396,0.4240625,SCREENED
wikitext2_blockshuffle_rational_compiled_lr1200_s17_200,blockshuffle_swiglu_rational,9e3994dbbfd5,17,409600,2801984,9099968,70.30910915798611,42.16796414248643,6.011564258165371,408.1212281811437,6851.498034125745,25954.757191429966,749683712,0.6981473565101624,0.12,SCREENED
wikitext2_blockshuffle_rational_correction_compiled_lr1200_s17_200,blockshuffle_swiglu_rational,1fb60efb8363,17,409600,2801984,9099968,70.30910915798611,42.16796414248643,5.949104036900884,383.409664213132,21659.514217660442,74510.60575476552,749421568,0.7091380953788757,0.105,SCREENED
wikitext2_blockshuffle_rational_lr1200_s17_200,blockshuffle_swiglu_rational,a69df5e214c7,17,409600,2801984,9099968,70.30910915798611,42.16796414248643,5.898002605975408,364.3090718973056,10560.742076259628,59571.57334509525,926074880,0.7743293642997742,0.095,SCREENED
wikitext2_blockshuffle_rational_lr600_s17_200,blockshuffle_swiglu_rational,ec33d58f0c32,17,409600,2801984,9099968,70.30910915798611,42.16796414248643,5.982363006700745,396.3759012952401,12607.728245803422,59304.62432259565,926074880,0.8676785826683044,0.215,SCREENED
wikitext2_calibrated_narrow_affine_lr300_s17_200,swiglu_narrow_affine_activation,246e42e7957d,17,409600,2801792,9099776,70.31114366319444,42.169184339182145,6.13360538486449,461.0955945111046,10924.194796695905,34546.48433573528,565312512,1.1475467681884766,0.695,SCREENED
wikitext2_calibrated_narrow_affine_lr600_s17_200,swiglu_narrow_affine_activation,09dbc79fe793,17,409600,2801792,9099776,70.31114366319444,42.169184339182145,6.013476254872886,408.9023010921609,11728.333835251511,37685.36766243101,565312512,0.9818297624588013,0.42,SCREENED
wikitext2_calibrated_narrow_lr1200_s17_200,swiglu_narrow,5559362dc1d7,17,409600,2801664,9099648,70.3125,42.16999780364594,5.912433568280352,369.6045196859737,13636.013299853923,42906.11257078566,541359104,0.7071576118469238,0.085,SCREENED
wikitext2_calibrated_narrow_lr1200_s17_3200,swiglu_narrow,f87375f6187b,17,6553600,2801664,9099648,70.3125,42.16999780364594,4.1530476405194054,63.627619218310265,37694.933230731905,121652.02017793061,541359104,0.9419872164726257,0.1140625,SCREENED
wikitext2_calibrated_narrow_lr1200_s17_800,swiglu_narrow,1f523113a88c,17,1638400,2801664,9099648,70.3125,42.16999780364594,4.8944348903082515,133.54451798548428,37236.19523785017,119678.27114632323,541359104,0.9114266037940979,0.09875,SCREENED
wikitext2_calibrated_narrow_lr1200_s29_3200,swiglu_narrow,f87375f6187b,29,6553600,2801664,9099648,70.3125,42.16999780364594,4.166103036949342,64.46374913885471,37139.45594713406,120362.68662680773,541359104,0.9988731741905212,0.1653125,SCREENED
wikitext2_calibrated_narrow_lr1200_s29_800,swiglu_narrow,1f523113a88c,29,1638400,2801664,9099648,70.3125,42.16999780364594,4.858727267128,128.8600932196132,95184.35647677605,308114.02024447476,541359104,0.9654892683029175,0.08625,SCREENED
wikitext2_calibrated_narrow_lr1200_s43_3200,swiglu_narrow,f87375f6187b,43,6553600,2801664,9099648,70.3125,42.16999780364594,4.141344206619717,62.887298181902224,34878.516985308706,112246.36322888936,541359104,0.9336443543434143,0.11125,SCREENED
wikitext2_calibrated_narrow_lr1200_s43_800,swiglu_narrow,1f523113a88c,43,1638400,2801664,9099648,70.3125,42.16999780364594,4.880121688055926,131.64668274005058,81472.471097466,348967.38258115103,541359104,0.8824291825294495,0.09125,SCREENED
wikitext2_calibrated_narrow_lr2400_s17_800,swiglu_narrow,77e3858b9e61,17,1638400,2801664,9099648,70.3125,42.16999780364594,4.946456870215604,140.67564779527308,37635.94642853693,121852.08022162133,541359104,0.5994260907173157,0.03625,SCREENED
wikitext2_calibrated_narrow_lr300_s17_200,swiglu_narrow,246e42e7957d,17,409600,2801664,9099648,70.3125,42.16999780364594,6.133922493301749,461.2418350003281,13318.937708469637,41240.31315788453,541359104,1.14411199092865,0.695,SCREENED
wikitext2_calibrated_narrow_lr4800_s17_800,swiglu_narrow,629838212bc5,17,1638400,2801664,9099648,70.3125,42.16999780364594,5.125380498272519,168.23814379780717,37310.5534177396,120302.65987548514,541359104,0.48175695538520813,0.0325,SCREENED
wikitext2_calibrated_narrow_lr600_s17_200,swiglu_narrow,09dbc79fe793,17,409600,2801664,9099648,70.3125,42.16999780364594,6.030559183632935,415.94755542870223,86375.04095237463,318138.2285777991,541359104,0.9943270683288574,0.39,SCREENED
wikitext2_calibrated_narrow_lr600_s17_800,swiglu_narrow,80047e2d3384,17,1638400,2801664,9099648,70.3125,42.16999780364594,4.942945329597289,140.18252585960602,37123.8024730197,121025.97882515159,541359104,1.0893917083740234,0.6975,SCREENED
wikitext2_calibrated_narrow_rational_lr1200_s17_200,swiglu_narrow_rational,5559362dc1d7,17,409600,2801984,9099968,70.30910915798611,42.16796414248643,5.909192952500691,368.4087120702498,41781.36131019571,148884.96213365288,788401152,0.6833741664886475,0.095,SCREENED
wikitext2_calibrated_narrow_rational_lr600_s17_200,swiglu_narrow_rational,09dbc79fe793,17,409600,2801984,9099968,70.30910915798611,42.16796414248643,6.007458072860579,406.4488427035551,16102.309386169745,191950.5727266766,788401152,1.0027412176132202,0.48,SCREENED
wikitext2_full_gelu_lr1200_s17_200,gelu,0375866884a1,17,409600,9437184,15735168,0.0,0.0,5.879277651672182,357.55087212907785,78375.00923242573,304063.13268719433,688520192,0.6863771080970764,0.12,SCREENED
wikitext2_full_gelu_lr1200_s17_3200,gelu,b4f64cee2692,17,6553600,9437184,15735168,0.0,0.0,4.127880964237563,62.046305193029234,37902.28771290989,126458.15889761123,688520192,1.0532863140106201,0.2753125,SCREENED
wikitext2_full_gelu_lr1200_s17_800,gelu,dc81355085b9,17,1638400,9437184,15735168,0.0,0.0,4.863754941092177,129.5095911190142,37583.87355975052,120695.65012399988,688520192,0.9164237380027771,0.06125,SCREENED
wikitext2_full_gelu_lr1200_s29_3200,gelu,b4f64cee2692,29,6553600,9437184,15735168,0.0,0.0,4.11545975385134,61.2803816787052,37820.26246646462,125323.53318533523,688520192,1.1008362770080566,0.33125,SCREENED
wikitext2_full_gelu_lr1200_s29_800,gelu,dc81355085b9,29,1638400,9437184,15735168,0.0,0.0,4.862276898920891,129.3183118759707,83235.62652763768,287105.0844775648,688520192,0.950320839881897,0.06625,SCREENED
wikitext2_full_gelu_lr1200_s43_3200,gelu,b4f64cee2692,43,6553600,9437184,15735168,0.0,0.0,4.120228206387875,61.573292079813825,36485.046730828246,127790.9552957763,688520192,1.0363489389419556,0.25,SCREENED
wikitext2_full_gelu_lr1200_s43_800,gelu,dc81355085b9,43,1638400,9437184,15735168,0.0,0.0,4.87174667228266,130.5487437413479,79911.29111764299,247673.22613766376,688520192,0.8792737126350403,0.07375,SCREENED
wikitext2_full_gelu_lr2400_s17_800,gelu,f679bee0df62,17,1638400,9437184,15735168,0.0,0.0,4.970041539450573,144.03287029295154,38320.106065266256,129096.62201384288,688520192,0.5905928015708923,0.04875,SCREENED
wikitext2_full_gelu_lr300_s17_200,gelu,3a7c6ecd5edc,17,409600,9437184,15735168,0.0,0.0,6.0406704794457395,420.17465893699386,14200.595017058422,47212.40850299981,688520192,0.8992345333099365,0.23,SCREENED
wikitext2_full_gelu_lr4800_s17_800,gelu,7ef2dcbadc09,17,1638400,9437184,15735168,0.0,0.0,5.24441805759719,189.50550184752467,38077.19808304557,132117.15592014676,688520192,0.40384307503700256,0.04125,SCREENED
wikitext2_full_gelu_lr600_s17_200,gelu,e609f4012d07,17,409600,9437184,15735168,0.0,0.0,5.901685481126324,365.6532504269811,23177.482651579518,328568.80050739646,688520192,0.7776975631713867,0.135,SCREENED
wikitext2_full_gelu_lr600_s17_800,gelu,283563b5395d,17,1638400,9437184,15735168,0.0,0.0,4.970482728822701,144.09643008448316,39955.17282095005,125685.75860071956,688520192,0.9686867594718933,0.11375,SCREENED
wikitext2_full_swiglu_lr1200_s17_200,swiglu,0375866884a1,17,409600,9437184,15735168,0.0,0.0,5.907693898096202,367.85686109842544,73817.07343042406,310006.6451602469,736295936,0.7273347973823547,0.105,SCREENED
wikitext2_full_swiglu_lr1200_s17_3200,swiglu,b4f64cee2692,17,6553600,9437184,15735168,0.0,0.0,4.1054171553115815,60.668047267818054,35079.04282973937,119410.48071860286,736295936,0.9471259117126465,0.0940625,SCREENED
wikitext2_full_swiglu_lr1200_s29_3200,swiglu,b4f64cee2692,29,6553600,9437184,15735168,0.0,0.0,4.100553389628319,60.37368852769993,34082.53758474057,109481.63723509242,736295936,0.9632605910301208,0.098125,SCREENED
wikitext2_full_swiglu_lr1200_s29_800,swiglu,dc81355085b9,29,1638400,9437184,15735168,0.0,0.0,4.912696133431628,136.00560980229324,75829.86403563264,298124.63881640276,736295936,0.8403562903404236,0.07375,SCREENED
wikitext2_full_swiglu_lr1200_s43_3200,swiglu,b4f64cee2692,43,6553600,9437184,15735168,0.0,0.0,4.082021428024613,59.26514908088901,34525.29075180832,113882.0008979726,736295936,0.9309211373329163,0.100625,SCREENED
wikitext2_full_swiglu_lr1200_s43_800,swiglu,dc81355085b9,43,1638400,9437184,15735168,0.0,0.0,4.9084720757214715,135.43232590213168,74787.49432394978,319601.49688460387,736295936,0.8753841519355774,0.09875,SCREENED
wikitext2_full_swiglu_lr2400_s17_800,swiglu,f679bee0df62,17,1638400,9437184,15735168,0.0,0.0,4.945777041341803,140.5800449285379,35397.64560367417,120266.63017944433,736295936,0.5947772264480591,0.0375,SCREENED
wikitext2_full_swiglu_lr4800_s17_800,swiglu,7ef2dcbadc09,17,1638400,9437184,15735168,0.0,0.0,5.144975715948919,171.5673182709532,34890.41597956351,119673.86534325426,736295936,0.4641130566596985,0.035,SCREENED
wikitext2_full_swiglu_lr600_s17_800,swiglu,283563b5395d,17,1638400,9437184,15735168,0.0,0.0,4.905672907119987,135.0537580726155,34864.58941015906,120200.53769396647,736295936,1.0966548919677734,0.5175,SCREENED
wikitext2_headwise_lr1200_s17_200,headwise_swiglu,0375866884a1,17,409600,2801664,9099648,70.3125,42.16999780364594,6.021327735790417,412.12542630171146,31821.765662471375,104629.21256468935,669377536,0.6903083324432373,0.07,SCREENED
wikitext2_headwise_lr300_s17_200,headwise_swiglu,3a7c6ecd5edc,17,409600,2801664,9099648,70.3125,42.16999780364594,6.360489048214481,578.5292159021819,31817.01630972976,104423.96264799037,669377536,1.1275115013122559,0.395,SCREENED
wikitext2_headwise_lr600_s17_200,headwise_swiglu,e609f4012d07,17,409600,2801664,9099648,70.3125,42.16999780364594,6.146283212137431,466.9784972318621,31803.825062187334,104128.4101249432,669377536,0.8902686238288879,0.16,SCREENED
wikitext2_multihead_calibrated_lr600_s17_200,multihead_swiglu_calibrated,e609f4012d07,17,409600,2807808,9105792,70.24739583333333,42.13095150938331,6.145287842279576,466.51391216679383,25137.016182689928,78234.62748147047,873022464,0.9881975650787354,0.24,SCREENED
