2026/09/13 18:52:56.317, 0, GPU-87701dfa-9023-3c38-a5e1-c4df5064cf56, P0, 55, 1980, 8001, 15.02, [N/A], 0
2026/09/13 18:52:56.521, 0, GPU-87701dfa-9023-3c38-a5e1-c4df5064cf56, P0, 55, 1980, 8001, 15.02, [N/A], 0
2026/09/13 18:52:56.726, 0, GPU-87701dfa-9023-3c38-a5e1-c4df5064cf56, P0, 55, 1980, 8001, 15.02, [N/A], 0
2026/09/13 18:52:56.931, 0, GPU-87701dfa-9023-3c38-a5e1-c4df5064cf56, P0, 55, 1980, 8001, 15.02, [N/A], 0
2026/09/13 18:52:57.135, 0, GPU-87701dfa-9023-3c38-a5e1-c4df5064cf56, P0, 55, 1980, 8001, 14.85, [N/A], 0
2026/09/13 18:52:57.337, 0, GPU-87701dfa-9023-3c38-a5e1-c4df5064cf56, P0, 55, 1980, 8001, 14.85, [N/A], 0
2026/09/13 18:52:57.552, 0, GPU-87701dfa-9023-3c38-a5e1-c4df5064cf56, P0, 55, 1980, 8001, 16.23, [N/A], 0
2026/09/13 18:52:57.758, 0, GPU-87701dfa-9023-3c38-a5e1-c4df5064cf56, P0, 55, 1980, 8001, 16.23, [N/A], 0
2026/09/13 18:52:57.964, 0, GPU-87701dfa-9023-3c38-a5e1-c4df5064cf56, P0, 55, 1980, 8001, 14.87, [N/A], 0
2026/09/13 18:52:58.166, 0, GPU-87701dfa-9023-3c38-a5e1-c4df5064cf56, P0, 55, 1980, 8001, 14.87, [N/A], 0
2026/09/13 18:52:58.370, 0, GPU-87701dfa-9023-3c38-a5e1-c4df5064cf56, P0, 55, 1980, 8001, 14.87, [N/A], 0
2026/09/13 18:52:58.574, 0, GPU-87701dfa-9023-3c38-a5e1-c4df5064cf56, P3, 56, 1980, 7001, 14.85, [N/A], 2
2026/09/13 18:52:58.780, 0, GPU-87701dfa-9023-3c38-a5e1-c4df5064cf56, P3, 56, 1980, 7001, 14.85, [N/A], 2
2026/09/13 18:52:58.984, 0, GPU-87701dfa-9023-3c38-a5e1-c4df5064cf56, P3, 66, 2505, 7001, 77.31, [N/A], 72
2026/09/13 18:52:59.188, 0, GPU-87701dfa-9023-3c38-a5e1-c4df5064cf56, P3, 66, 2505, 7001, 77.31, [N/A], 72
2026/09/13 18:52:59.391, 0, GPU-87701dfa-9023-3c38-a5e1-c4df5064cf56, P3, 66, 2505, 7001, 77.31, [N/A], 72
2026/09/13 18:52:59.594, 0, GPU-87701dfa-9023-3c38-a5e1-c4df5064cf56, P0, 62, 2505, 8001, 24.58, [N/A], 1
2026/09/13 18:52:59.796, 0, GPU-87701dfa-9023-3c38-a5e1-c4df5064cf56, P0, 62, 2505, 8001, 24.58, [N/A], 1
2026/09/13 18:53:00.000, 0, GPU-87701dfa-9023-3c38-a5e1-c4df5064cf56, P0, 60, 2505, 8001, 24.42, [N/A], 4
2026/09/13 18:53:00.203, 0, GPU-87701dfa-9023-3c38-a5e1-c4df5064cf56, P0, 60, 2505, 8001, 24.42, [N/A], 4
2026/09/13 18:53:00.408, 0, GPU-87701dfa-9023-3c38-a5e1-c4df5064cf56, P0, 60, 2505, 8001, 24.42, [N/A], 4
2026/09/13 18:53:00.614, 0, GPU-87701dfa-9023-3c38-a5e1-c4df5064cf56, P0, 69, 2460, 8001, 118.77, [N/A], 100
2026/09/13 18:53:00.814, 0, GPU-87701dfa-9023-3c38-a5e1-c4df5064cf56, P0, 69, 2460, 8001, 118.77, [N/A], 100
2026/09/13 18:53:01.048, 0, GPU-87701dfa-9023-3c38-a5e1-c4df5064cf56, P0, 59, 2505, 8001, 21.03, [N/A], 1
2026/09/13 18:53:01.253, 0, GPU-87701dfa-9023-3c38-a5e1-c4df5064cf56, P0, 59, 2505, 8001, 21.03, [N/A], 1
2026/09/13 18:53:01.475, 0, GPU-87701dfa-9023-3c38-a5e1-c4df5064cf56, P0, 71, 2400, 8001, 89.16, [N/A], 95
2026/09/13 18:53:01.730, 0, GPU-87701dfa-9023-3c38-a5e1-c4df5064cf56, P0, 71, 2400, 8001, 89.16, [N/A], 95
2026/09/13 18:53:01.936, 0, GPU-87701dfa-9023-3c38-a5e1-c4df5064cf56, P0, 71, 2400, 8001, 89.16, [N/A], 95
2026/09/13 18:53:02.139, 0, GPU-87701dfa-9023-3c38-a5e1-c4df5064cf56, P0, 77, 2325, 8001, 103.18, [N/A], 100
2026/09/13 18:53:02.359, 0, GPU-87701dfa-9023-3c38-a5e1-c4df5064cf56, P0, 77, 2325, 8001, 103.18, [N/A], 100
2026/09/13 18:53:02.562, 0, GPU-87701dfa-9023-3c38-a5e1-c4df5064cf56, P0, 76, 2235, 8001, 102.10, [N/A], 95
2026/09/13 18:53:02.766, 0, GPU-87701dfa-9023-3c38-a5e1-c4df5064cf56, P0, 76, 2235, 8001, 102.10, [N/A], 95
2026/09/13 18:53:02.971, 0, GPU-87701dfa-9023-3c38-a5e1-c4df5064cf56, P0, 77, 2235, 8001, 100.50, [N/A], 98
2026/09/13 18:53:03.176, 0, GPU-87701dfa-9023-3c38-a5e1-c4df5064cf56, P0, 77, 2235, 8001, 100.50, [N/A], 98
2026/09/13 18:53:03.382, 0, GPU-87701dfa-9023-3c38-a5e1-c4df5064cf56, P0, 77, 2235, 8001, 100.50, [N/A], 98
2026/09/13 18:53:03.587, 0, GPU-87701dfa-9023-3c38-a5e1-c4df5064cf56, P0, 74, 2220, 8001, 98.81, [N/A], 95
2026/09/13 18:53:03.794, 0, GPU-87701dfa-9023-3c38-a5e1-c4df5064cf56, P0, 74, 2220, 8001, 98.81, [N/A], 95
2026/09/13 18:53:04.000, 0, GPU-87701dfa-9023-3c38-a5e1-c4df5064cf56, P0, 76, 2385, 8001, 98.40, [N/A], 95
2026/09/13 18:53:04.205, 0, GPU-87701dfa-9023-3c38-a5e1-c4df5064cf56, P0, 76, 2385, 8001, 98.40, [N/A], 95
2026/09/13 18:53:04.412, 0, GPU-87701dfa-9023-3c38-a5e1-c4df5064cf56, P0, 76, 2385, 8001, 98.40, [N/A], 95
2026/09/13 18:53:04.617, 0, GPU-87701dfa-9023-3c38-a5e1-c4df5064cf56, P0, 77, 2250, 8001, 99.16, [N/A], 97
2026/09/13 18:53:04.821, 0, GPU-87701dfa-9023-3c38-a5e1-c4df5064cf56, P0, 77, 2250, 8001, 99.16, [N/A], 97
2026/09/13 18:53:05.027, 0, GPU-87701dfa-9023-3c38-a5e1-c4df5064cf56, P0, 77, 2100, 8001, 99.32, [N/A], 95
2026/09/13 18:53:05.232, 0, GPU-87701dfa-9023-3c38-a5e1-c4df5064cf56, P0, 77, 2100, 8001, 99.32, [N/A], 95
2026/09/13 18:53:05.439, 0, GPU-87701dfa-9023-3c38-a5e1-c4df5064cf56, P0, 77, 2100, 8001, 99.32, [N/A], 95
2026/09/13 18:53:05.645, 0, GPU-87701dfa-9023-3c38-a5e1-c4df5064cf56, P0, 79, 2265, 8001, 99.19, [N/A], 100
2026/09/13 18:53:05.850, 0, GPU-87701dfa-9023-3c38-a5e1-c4df5064cf56, P0, 79, 2265, 8001, 99.19, [N/A], 100
2026/09/13 18:53:06.055, 0, GPU-87701dfa-9023-3c38-a5e1-c4df5064cf56, P0, 78, 2130, 8001, 99.11, [N/A], 95
2026/09/13 18:53:06.259, 0, GPU-87701dfa-9023-3c38-a5e1-c4df5064cf56, P0, 78, 2130, 8001, 99.11, [N/A], 95
2026/09/13 18:53:06.465, 0, GPU-87701dfa-9023-3c38-a5e1-c4df5064cf56, P0, 78, 2280, 8001, 90.87, [N/A], 96
2026/09/13 18:53:06.671, 0, GPU-87701dfa-9023-3c38-a5e1-c4df5064cf56, P0, 78, 2280, 8001, 90.87, [N/A], 96
2026/09/13 18:53:06.878, 0, GPU-87701dfa-9023-3c38-a5e1-c4df5064cf56, P0, 78, 2280, 8001, 90.87, [N/A], 96
2026/09/13 18:53:07.082, 0, GPU-87701dfa-9023-3c38-a5e1-c4df5064cf56, P0, 80, 2250, 8001, 97.90, [N/A], 95
2026/09/13 18:53:07.287, 0, GPU-87701dfa-9023-3c38-a5e1-c4df5064cf56, P0, 80, 2250, 8001, 97.90, [N/A], 95
2026/09/13 18:53:07.491, 0, GPU-87701dfa-9023-3c38-a5e1-c4df5064cf56, P0, 81, 2025, 8001, 106.88, [N/A], 95
2026/09/13 18:53:07.697, 0, GPU-87701dfa-9023-3c38-a5e1-c4df5064cf56, P0, 81, 2025, 8001, 106.88, [N/A], 95
2026/09/13 18:53:07.904, 0, GPU-87701dfa-9023-3c38-a5e1-c4df5064cf56, P0, 81, 2025, 8001, 106.88, [N/A], 95
2026/09/13 18:53:08.110, 0, GPU-87701dfa-9023-3c38-a5e1-c4df5064cf56, P0, 80, 2205, 8001, 100.19, [N/A], 100
2026/09/13 18:53:08.313, 0, GPU-87701dfa-9023-3c38-a5e1-c4df5064cf56, P0, 80, 2205, 8001, 100.19, [N/A], 100
2026/09/13 18:53:08.519, 0, GPU-87701dfa-9023-3c38-a5e1-c4df5064cf56, P0, 78, 2190, 8001, 100.12, [N/A], 95
2026/09/13 18:53:08.726, 0, GPU-87701dfa-9023-3c38-a5e1-c4df5064cf56, P0, 78, 2190, 8001, 100.12, [N/A], 95
2026/09/13 18:53:08.932, 0, GPU-87701dfa-9023-3c38-a5e1-c4df5064cf56, P0, 78, 2190, 8001, 100.12, [N/A], 95
2026/09/13 18:53:09.136, 0, GPU-87701dfa-9023-3c38-a5e1-c4df5064cf56, P0, 79, 2250, 8001, 96.24, [N/A], 95
2026/09/13 18:53:09.344, 0, GPU-87701dfa-9023-3c38-a5e1-c4df5064cf56, P0, 79, 2250, 8001, 96.24, [N/A], 95
2026/09/13 18:53:09.564, 0, GPU-87701dfa-9023-3c38-a5e1-c4df5064cf56, P0, 80, 2280, 8001, 107.78, [N/A], 95
2026/09/13 18:53:09.770, 0, GPU-87701dfa-9023-3c38-a5e1-c4df5064cf56, P0, 80, 2280, 8001, 107.78, [N/A], 95
2026/09/13 18:53:09.977, 0, GPU-87701dfa-9023-3c38-a5e1-c4df5064cf56, P0, 80, 2310, 8001, 105.93, [N/A], 95
2026/09/13 18:53:10.184, 0, GPU-87701dfa-9023-3c38-a5e1-c4df5064cf56, P0, 80, 2310, 8001, 105.93, [N/A], 95
2026/09/13 18:53:10.390, 0, GPU-87701dfa-9023-3c38-a5e1-c4df5064cf56, P0, 80, 2310, 8001, 105.93, [N/A], 95
2026/09/13 18:53:10.596, 0, GPU-87701dfa-9023-3c38-a5e1-c4df5064cf56, P0, 79, 2280, 8001, 103.37, [N/A], 100
2026/09/13 18:53:10.802, 0, GPU-87701dfa-9023-3c38-a5e1-c4df5064cf56, P0, 79, 2280, 8001, 103.37, [N/A], 100
2026/09/13 18:53:11.008, 0, GPU-87701dfa-9023-3c38-a5e1-c4df5064cf56, P0, 80, 2400, 8001, 124.86, [N/A], 96
2026/09/13 18:53:11.212, 0, GPU-87701dfa-9023-3c38-a5e1-c4df5064cf56, P0, 80, 2400, 8001, 124.86, [N/A], 96
2026/09/13 18:53:11.418, 0, GPU-87701dfa-9023-3c38-a5e1-c4df5064cf56, P0, 80, 2400, 8001, 124.86, [N/A], 96
2026/09/13 18:53:11.624, 0, GPU-87701dfa-9023-3c38-a5e1-c4df5064cf56, P0, 82, 2145, 8001, 96.00, [N/A], 95
2026/09/13 18:53:11.825, 0, GPU-87701dfa-9023-3c38-a5e1-c4df5064cf56, P0, 82, 2145, 8001, 96.00, [N/A], 95
2026/09/13 18:53:12.032, 0, GPU-87701dfa-9023-3c38-a5e1-c4df5064cf56, P0, 81, 2310, 8001, 105.27, [N/A], 96
2026/09/13 18:53:12.237, 0, GPU-87701dfa-9023-3c38-a5e1-c4df5064cf56, P0, 81, 2310, 8001, 105.27, [N/A], 96
2026/09/13 18:53:12.438, 0, GPU-87701dfa-9023-3c38-a5e1-c4df5064cf56, P0, 81, 2310, 8001, 105.27, [N/A], 96
2026/09/13 18:53:12.654, 0, GPU-87701dfa-9023-3c38-a5e1-c4df5064cf56, P0, 82, 2190, 8001, 112.50, [N/A], 95
2026/09/13 18:53:12.858, 0, GPU-87701dfa-9023-3c38-a5e1-c4df5064cf56, P0, 82, 2190, 8001, 112.50, [N/A], 95
2026/09/13 18:53:13.061, 0, GPU-87701dfa-9023-3c38-a5e1-c4df5064cf56, P0, 81, 2235, 8001, 97.69, [N/A], 100
2026/09/13 18:53:13.263, 0, GPU-87701dfa-9023-3c38-a5e1-c4df5064cf56, P0, 81, 2235, 8001, 97.69, [N/A], 100
2026/09/13 18:53:13.470, 0, GPU-87701dfa-9023-3c38-a5e1-c4df5064cf56, P0, 81, 2205, 8001, 102.49, [N/A], 96
2026/09/13 18:53:13.678, 0, GPU-87701dfa-9023-3c38-a5e1-c4df5064cf56, P0, 81, 2205, 8001, 102.49, [N/A], 96
2026/09/13 18:53:13.884, 0, GPU-87701dfa-9023-3c38-a5e1-c4df5064cf56, P0, 81, 2205, 8001, 102.49, [N/A], 96
2026/09/13 18:53:14.090, 0, GPU-87701dfa-9023-3c38-a5e1-c4df5064cf56, P0, 82, 2205, 8001, 91.28, [N/A], 95
2026/09/13 18:53:14.294, 0, GPU-87701dfa-9023-3c38-a5e1-c4df5064cf56, P0, 82, 2205, 8001, 91.28, [N/A], 95
2026/09/13 18:53:14.516, 0, GPU-87701dfa-9023-3c38-a5e1-c4df5064cf56, P0, 81, 2235, 8001, 94.64, [N/A], 95
2026/09/13 18:53:14.723, 0, GPU-87701dfa-9023-3c38-a5e1-c4df5064cf56, P0, 81, 2235, 8001, 94.64, [N/A], 95
2026/09/13 18:53:14.929, 0, GPU-87701dfa-9023-3c38-a5e1-c4df5064cf56, P0, 81, 2235, 8001, 94.64, [N/A], 95
2026/09/13 18:53:15.134, 0, GPU-87701dfa-9023-3c38-a5e1-c4df5064cf56, P0, 82, 2175, 8001, 103.10, [N/A], 94
2026/09/13 18:53:15.337, 0, GPU-87701dfa-9023-3c38-a5e1-c4df5064cf56, P0, 82, 2175, 8001, 103.10, [N/A], 94
2026/09/13 18:53:15.539, 0, GPU-87701dfa-9023-3c38-a5e1-c4df5064cf56, P0, 83, 2340, 8001, 102.04, [N/A], 100
2026/09/13 18:53:15.745, 0, GPU-87701dfa-9023-3c38-a5e1-c4df5064cf56, P0, 83, 2340, 8001, 102.04, [N/A], 100
2026/09/13 18:53:15.950, 0, GPU-87701dfa-9023-3c38-a5e1-c4df5064cf56, P0, 83, 2340, 8001, 102.04, [N/A], 100
2026/09/13 18:53:16.157, 0, GPU-87701dfa-9023-3c38-a5e1-c4df5064cf56, P0, 81, 2040, 8001, 97.90, [N/A], 95
2026/09/13 18:53:16.364, 0, GPU-87701dfa-9023-3c38-a5e1-c4df5064cf56, P0, 81, 2040, 8001, 97.90, [N/A], 95
2026/09/13 18:53:16.567, 0, GPU-87701dfa-9023-3c38-a5e1-c4df5064cf56, P0, 83, 2400, 8001, 99.20, [N/A], 100
2026/09/13 18:53:16.770, 0, GPU-87701dfa-9023-3c38-a5e1-c4df5064cf56, P0, 83, 2400, 8001, 99.20, [N/A], 100
2026/09/13 18:53:16.973, 0, GPU-87701dfa-9023-3c38-a5e1-c4df5064cf56, P0, 82, 2205, 8001, 107.89, [N/A], 95
2026/09/13 18:53:17.177, 0, GPU-87701dfa-9023-3c38-a5e1-c4df5064cf56, P0, 82, 2205, 8001, 107.89, [N/A], 95
2026/09/13 18:53:17.396, 0, GPU-87701dfa-9023-3c38-a5e1-c4df5064cf56, P0, 82, 2205, 8001, 107.89, [N/A], 95
2026/09/13 18:53:17.598, 0, GPU-87701dfa-9023-3c38-a5e1-c4df5064cf56, P0, 83, 2370, 8001, 94.18, [N/A], 95
2026/09/13 18:53:17.802, 0, GPU-87701dfa-9023-3c38-a5e1-c4df5064cf56, P0, 83, 2370, 8001, 94.18, [N/A], 95
2026/09/13 18:53:18.008, 0, GPU-87701dfa-9023-3c38-a5e1-c4df5064cf56, P0, 82, 2220, 8001, 104.58, [N/A], 99
2026/09/13 18:53:18.213, 0, GPU-87701dfa-9023-3c38-a5e1-c4df5064cf56, P0, 82, 2220, 8001, 104.58, [N/A], 99
2026/09/13 18:53:18.419, 0, GPU-87701dfa-9023-3c38-a5e1-c4df5064cf56, P0, 82, 2220, 8001, 104.58, [N/A], 99
2026/09/13 18:53:18.625, 0, GPU-87701dfa-9023-3c38-a5e1-c4df5064cf56, P0, 82, 2115, 8001, 106.51, [N/A], 94
2026/09/13 18:53:18.831, 0, GPU-87701dfa-9023-3c38-a5e1-c4df5064cf56, P0, 82, 2115, 8001, 106.51, [N/A], 94
2026/09/13 18:53:19.037, 0, GPU-87701dfa-9023-3c38-a5e1-c4df5064cf56, P0, 82, 2250, 8001, 108.76, [N/A], 100
2026/09/13 18:53:19.257, 0, GPU-87701dfa-9023-3c38-a5e1-c4df5064cf56, P0, 82, 2250, 8001, 108.76, [N/A], 100
2026/09/13 18:53:19.460, 0, GPU-87701dfa-9023-3c38-a5e1-c4df5064cf56, P0, 82, 2175, 8001, 125.76, [N/A], 93
2026/09/13 18:53:19.666, 0, GPU-87701dfa-9023-3c38-a5e1-c4df5064cf56, P0, 82, 2175, 8001, 125.76, [N/A], 93
2026/09/13 18:53:19.872, 0, GPU-87701dfa-9023-3c38-a5e1-c4df5064cf56, P0, 82, 2175, 8001, 125.76, [N/A], 93
2026/09/13 18:53:20.077, 0, GPU-87701dfa-9023-3c38-a5e1-c4df5064cf56, P0, 84, 2250, 8001, 102.88, [N/A], 99
2026/09/13 18:53:20.281, 0, GPU-87701dfa-9023-3c38-a5e1-c4df5064cf56, P0, 84, 2250, 8001, 102.88, [N/A], 99
2026/09/13 18:53:20.485, 0, GPU-87701dfa-9023-3c38-a5e1-c4df5064cf56, P0, 85, 2235, 8001, 111.48, [N/A], 95
2026/09/13 18:53:20.693, 0, GPU-87701dfa-9023-3c38-a5e1-c4df5064cf56, P0, 85, 2235, 8001, 111.48, [N/A], 95
2026/09/13 18:53:20.899, 0, GPU-87701dfa-9023-3c38-a5e1-c4df5064cf56, P0, 85, 2235, 8001, 111.48, [N/A], 95
2026/09/13 18:53:21.104, 0, GPU-87701dfa-9023-3c38-a5e1-c4df5064cf56, P0, 85, 2385, 8001, 108.50, [N/A], 95
2026/09/13 18:53:21.308, 0, GPU-87701dfa-9023-3c38-a5e1-c4df5064cf56, P0, 85, 2385, 8001, 108.50, [N/A], 95
2026/09/13 18:53:21.511, 0, GPU-87701dfa-9023-3c38-a5e1-c4df5064cf56, P0, 81, 2280, 8001, 111.31, [N/A], 100
2026/09/13 18:53:21.716, 0, GPU-87701dfa-9023-3c38-a5e1-c4df5064cf56, P0, 81, 2280, 8001, 111.31, [N/A], 100
2026/09/13 18:53:21.920, 0, GPU-87701dfa-9023-3c38-a5e1-c4df5064cf56, P0, 81, 2280, 8001, 111.31, [N/A], 100
2026/09/13 18:53:22.122, 0, GPU-87701dfa-9023-3c38-a5e1-c4df5064cf56, P0, 83, 2265, 8001, 91.88, [N/A], 95
2026/09/13 18:53:22.327, 0, GPU-87701dfa-9023-3c38-a5e1-c4df5064cf56, P0, 83, 2265, 8001, 91.88, [N/A], 95
2026/09/13 18:53:22.533, 0, GPU-87701dfa-9023-3c38-a5e1-c4df5064cf56, P0, 88, 2430, 8001, 99.22, [N/A], 95
2026/09/13 18:53:22.738, 0, GPU-87701dfa-9023-3c38-a5e1-c4df5064cf56, P0, 88, 2430, 8001, 99.22, [N/A], 95
2026/09/13 18:53:22.945, 0, GPU-87701dfa-9023-3c38-a5e1-c4df5064cf56, P0, 88, 2430, 8001, 99.22, [N/A], 95
2026/09/13 18:53:23.152, 0, GPU-87701dfa-9023-3c38-a5e1-c4df5064cf56, P0, 85, 2280, 8001, 111.43, [N/A], 96
2026/09/13 18:53:23.374, 0, GPU-87701dfa-9023-3c38-a5e1-c4df5064cf56, P0, 85, 2280, 8001, 111.43, [N/A], 96
2026/09/13 18:53:23.578, 0, GPU-87701dfa-9023-3c38-a5e1-c4df5064cf56, P0, 86, 2235, 8001, 120.57, [N/A], 95
2026/09/13 18:53:23.785, 0, GPU-87701dfa-9023-3c38-a5e1-c4df5064cf56, P0, 86, 2235, 8001, 120.57, [N/A], 95
2026/09/13 18:53:24.006, 0, GPU-87701dfa-9023-3c38-a5e1-c4df5064cf56, P0, 88, 2325, 8001, 103.67, [N/A], 95
2026/09/13 18:53:24.213, 0, GPU-87701dfa-9023-3c38-a5e1-c4df5064cf56, P0, 88, 2325, 8001, 103.67, [N/A], 95
2026/09/13 18:53:24.418, 0, GPU-87701dfa-9023-3c38-a5e1-c4df5064cf56, P0, 88, 2325, 8001, 103.67, [N/A], 95
2026/09/13 18:53:24.625, 0, GPU-87701dfa-9023-3c38-a5e1-c4df5064cf56, P0, 85, 2310, 8001, 116.28, [N/A], 96
2026/09/13 18:53:24.831, 0, GPU-87701dfa-9023-3c38-a5e1-c4df5064cf56, P0, 85, 2310, 8001, 116.28, [N/A], 96
2026/09/13 18:53:25.037, 0, GPU-87701dfa-9023-3c38-a5e1-c4df5064cf56, P0, 87, 2415, 8001, 140.38, [N/A], 95
2026/09/13 18:53:25.243, 0, GPU-87701dfa-9023-3c38-a5e1-c4df5064cf56, P0, 87, 2415, 8001, 140.38, [N/A], 95
2026/09/13 18:53:25.446, 0, GPU-87701dfa-9023-3c38-a5e1-c4df5064cf56, P0, 87, 2415, 8001, 140.38, [N/A], 95
2026/09/13 18:53:25.650, 0, GPU-87701dfa-9023-3c38-a5e1-c4df5064cf56, P0, 88, 2430, 8001, 108.85, [N/A], 95
2026/09/13 18:53:25.857, 0, GPU-87701dfa-9023-3c38-a5e1-c4df5064cf56, P0, 88, 2430, 8001, 108.85, [N/A], 95
2026/09/13 18:53:26.060, 0, GPU-87701dfa-9023-3c38-a5e1-c4df5064cf56, P0, 85, 2280, 8001, 110.82, [N/A], 95
2026/09/13 18:53:26.265, 0, GPU-87701dfa-9023-3c38-a5e1-c4df5064cf56, P0, 85, 2280, 8001, 110.82, [N/A], 95
2026/09/13 18:53:26.469, 0, GPU-87701dfa-9023-3c38-a5e1-c4df5064cf56, P0, 85, 2205, 8001, 111.97, [N/A], 95
2026/09/13 18:53:26.676, 0, GPU-87701dfa-9023-3c38-a5e1-c4df5064cf56, P0, 85, 2205, 8001, 111.97, [N/A], 95
2026/09/13 18:53:26.882, 0, GPU-87701dfa-9023-3c38-a5e1-c4df5064cf56, P0, 85, 2205, 8001, 111.97, [N/A], 95
2026/09/13 18:53:27.088, 0, GPU-87701dfa-9023-3c38-a5e1-c4df5064cf56, P0, 87, 2325, 8001, 111.28, [N/A], 100
2026/09/13 18:53:27.292, 0, GPU-87701dfa-9023-3c38-a5e1-c4df5064cf56, P0, 87, 2325, 8001, 111.28, [N/A], 100
2026/09/13 18:53:27.494, 0, GPU-87701dfa-9023-3c38-a5e1-c4df5064cf56, P0, 87, 2295, 8001, 114.76, [N/A], 96
2026/09/13 18:53:27.697, 0, GPU-87701dfa-9023-3c38-a5e1-c4df5064cf56, P0, 87, 2295, 8001, 114.76, [N/A], 96
2026/09/13 18:53:27.900, 0, GPU-87701dfa-9023-3c38-a5e1-c4df5064cf56, P0, 87, 2295, 8001, 114.76, [N/A], 96
2026/09/13 18:53:28.105, 0, GPU-87701dfa-9023-3c38-a5e1-c4df5064cf56, P0, 88, 2415, 8001, 100.44, [N/A], 94
2026/09/13 18:53:28.312, 0, GPU-87701dfa-9023-3c38-a5e1-c4df5064cf56, P0, 88, 2415, 8001, 100.44, [N/A], 94
2026/09/13 18:53:28.517, 0, GPU-87701dfa-9023-3c38-a5e1-c4df5064cf56, P0, 85, 2310, 8001, 107.79, [N/A], 100
2026/09/13 18:53:28.723, 0, GPU-87701dfa-9023-3c38-a5e1-c4df5064cf56, P0, 85, 2310, 8001, 107.79, [N/A], 100
2026/09/13 18:53:28.926, 0, GPU-87701dfa-9023-3c38-a5e1-c4df5064cf56, P0, 85, 2310, 8001, 107.79, [N/A], 100
2026/09/13 18:53:29.133, 0, GPU-87701dfa-9023-3c38-a5e1-c4df5064cf56, P0, 81, 2490, 8001, 84.39, [N/A], 64
2026/09/13 18:53:29.339, 0, GPU-87701dfa-9023-3c38-a5e1-c4df5064cf56, P0, 81, 2490, 8001, 84.39, [N/A], 64
2026/09/13 18:53:29.545, 0, GPU-87701dfa-9023-3c38-a5e1-c4df5064cf56, P0, 79, 2490, 8001, 72.04, [N/A], 53
2026/09/13 18:53:29.748, 0, GPU-87701dfa-9023-3c38-a5e1-c4df5064cf56, P0, 79, 2490, 8001, 72.04, [N/A], 53
2026/09/13 18:53:29.951, 0, GPU-87701dfa-9023-3c38-a5e1-c4df5064cf56, P0, 79, 2490, 8001, 72.04, [N/A], 53
2026/09/13 18:53:30.156, 0, GPU-87701dfa-9023-3c38-a5e1-c4df5064cf56, P0, 69, 2490, 8001, 23.96, [N/A], 0
2026/09/13 18:53:30.361, 0, GPU-87701dfa-9023-3c38-a5e1-c4df5064cf56, P0, 69, 2490, 8001, 23.96, [N/A], 0
2026/09/13 18:53:30.567, 0, GPU-87701dfa-9023-3c38-a5e1-c4df5064cf56, P0, 86, 2175, 8001, 97.95, [N/A], 95
2026/09/13 18:53:30.774, 0, GPU-87701dfa-9023-3c38-a5e1-c4df5064cf56, P0, 86, 2175, 8001, 97.95, [N/A], 95
2026/09/13 18:53:30.976, 0, GPU-87701dfa-9023-3c38-a5e1-c4df5064cf56, P0, 85, 2265, 8001, 106.70, [N/A], 95
2026/09/13 18:53:31.180, 0, GPU-87701dfa-9023-3c38-a5e1-c4df5064cf56, P0, 85, 2265, 8001, 106.70, [N/A], 95
2026/09/13 18:53:31.383, 0, GPU-87701dfa-9023-3c38-a5e1-c4df5064cf56, P0, 85, 2265, 8001, 106.70, [N/A], 95
2026/09/13 18:53:31.589, 0, GPU-87701dfa-9023-3c38-a5e1-c4df5064cf56, P0, 85, 2130, 8001, 100.80, [N/A], 95
2026/09/13 18:53:31.793, 0, GPU-87701dfa-9023-3c38-a5e1-c4df5064cf56, P0, 85, 2130, 8001, 100.80, [N/A], 95
2026/09/13 18:53:31.995, 0, GPU-87701dfa-9023-3c38-a5e1-c4df5064cf56, P0, 84, 2250, 8001, 97.42, [N/A], 100
2026/09/13 18:53:32.200, 0, GPU-87701dfa-9023-3c38-a5e1-c4df5064cf56, P0, 84, 2250, 8001, 97.42, [N/A], 100
2026/09/13 18:53:32.405, 0, GPU-87701dfa-9023-3c38-a5e1-c4df5064cf56, P0, 84, 2250, 8001, 97.42, [N/A], 100
2026/09/13 18:53:32.612, 0, GPU-87701dfa-9023-3c38-a5e1-c4df5064cf56, P0, 86, 2115, 8001, 124.73, [N/A], 95
2026/09/13 18:53:32.831, 0, GPU-87701dfa-9023-3c38-a5e1-c4df5064cf56, P0, 86, 2115, 8001, 124.73, [N/A], 95
2026/09/13 18:53:33.053, 0, GPU-87701dfa-9023-3c38-a5e1-c4df5064cf56, P0, 86, 2295, 8001, 99.16, [N/A], 100
2026/09/13 18:53:33.257, 0, GPU-87701dfa-9023-3c38-a5e1-c4df5064cf56, P0, 86, 2295, 8001, 99.16, [N/A], 100
2026/09/13 18:53:33.463, 0, GPU-87701dfa-9023-3c38-a5e1-c4df5064cf56, P0, 86, 2235, 8001, 106.62, [N/A], 95
2026/09/13 18:53:33.668, 0, GPU-87701dfa-9023-3c38-a5e1-c4df5064cf56, P0, 86, 2235, 8001, 106.62, [N/A], 95
2026/09/13 18:53:33.871, 0, GPU-87701dfa-9023-3c38-a5e1-c4df5064cf56, P0, 86, 2235, 8001, 106.62, [N/A], 95
2026/09/13 18:53:34.073, 0, GPU-87701dfa-9023-3c38-a5e1-c4df5064cf56, P0, 87, 2370, 8001, 98.58, [N/A], 95
2026/09/13 18:53:34.277, 0, GPU-87701dfa-9023-3c38-a5e1-c4df5064cf56, P0, 87, 2370, 8001, 98.58, [N/A], 95
2026/09/13 18:53:34.483, 0, GPU-87701dfa-9023-3c38-a5e1-c4df5064cf56, P0, 86, 2190, 8001, 94.64, [N/A], 100
2026/09/13 18:53:34.688, 0, GPU-87701dfa-9023-3c38-a5e1-c4df5064cf56, P0, 86, 2190, 8001, 94.64, [N/A], 100
2026/09/13 18:53:34.891, 0, GPU-87701dfa-9023-3c38-a5e1-c4df5064cf56, P0, 86, 2190, 8001, 94.64, [N/A], 100
2026/09/13 18:53:35.098, 0, GPU-87701dfa-9023-3c38-a5e1-c4df5064cf56, P0, 86, 2175, 8001, 104.92, [N/A], 95
2026/09/13 18:53:35.303, 0, GPU-87701dfa-9023-3c38-a5e1-c4df5064cf56, P0, 86, 2175, 8001, 104.92, [N/A], 95
2026/09/13 18:53:35.509, 0, GPU-87701dfa-9023-3c38-a5e1-c4df5064cf56, P0, 88, 2340, 8001, 102.60, [N/A], 100
2026/09/13 18:53:35.716, 0, GPU-87701dfa-9023-3c38-a5e1-c4df5064cf56, P0, 88, 2340, 8001, 102.60, [N/A], 100
2026/09/13 18:53:35.920, 0, GPU-87701dfa-9023-3c38-a5e1-c4df5064cf56, P0, 88, 2340, 8001, 102.60, [N/A], 100
2026/09/13 18:53:36.153, 0, GPU-87701dfa-9023-3c38-a5e1-c4df5064cf56, P0, 83, 2010, 8001, 96.58, [N/A], 95
2026/09/13 18:53:36.359, 0, GPU-87701dfa-9023-3c38-a5e1-c4df5064cf56, P0, 83, 2010, 8001, 96.58, [N/A], 95
2026/09/13 18:53:36.581, 0, GPU-87701dfa-9023-3c38-a5e1-c4df5064cf56, P0, 87, 2400, 8001, 94.68, [N/A], 95
2026/09/13 18:53:36.786, 0, GPU-87701dfa-9023-3c38-a5e1-c4df5064cf56, P0, 87, 2400, 8001, 94.68, [N/A], 95
2026/09/13 18:53:36.992, 0, GPU-87701dfa-9023-3c38-a5e1-c4df5064cf56, P0, 86, 2235, 8001, 108.34, [N/A], 95
2026/09/13 18:53:37.196, 0, GPU-87701dfa-9023-3c38-a5e1-c4df5064cf56, P0, 86, 2235, 8001, 108.34, [N/A], 95
2026/09/13 18:53:37.399, 0, GPU-87701dfa-9023-3c38-a5e1-c4df5064cf56, P0, 86, 2235, 8001, 108.34, [N/A], 95
2026/09/13 18:53:37.604, 0, GPU-87701dfa-9023-3c38-a5e1-c4df5064cf56, P0, 86, 2115, 8001, 93.47, [N/A], 95
2026/09/13 18:53:37.811, 0, GPU-87701dfa-9023-3c38-a5e1-c4df5064cf56, P0, 86, 2115, 8001, 93.47, [N/A], 95
2026/09/13 18:53:38.017, 0, GPU-87701dfa-9023-3c38-a5e1-c4df5064cf56, P0, 86, 2295, 8001, 112.38, [N/A], 100
2026/09/13 18:53:38.234, 0, GPU-87701dfa-9023-3c38-a5e1-c4df5064cf56, P0, 86, 2295, 8001, 112.38, [N/A], 100
2026/09/13 18:53:38.455, 0, GPU-87701dfa-9023-3c38-a5e1-c4df5064cf56, P0, 86, 2295, 8001, 112.38, [N/A], 100
2026/09/13 18:53:38.660, 0, GPU-87701dfa-9023-3c38-a5e1-c4df5064cf56, P0, 86, 2115, 8001, 104.71, [N/A], 95
2026/09/13 18:53:38.867, 0, GPU-87701dfa-9023-3c38-a5e1-c4df5064cf56, P0, 86, 2115, 8001, 104.71, [N/A], 95
2026/09/13 18:53:39.072, 0, GPU-87701dfa-9023-3c38-a5e1-c4df5064cf56, P0, 86, 2250, 8001, 96.37, [N/A], 100
2026/09/13 18:53:39.279, 0, GPU-87701dfa-9023-3c38-a5e1-c4df5064cf56, P0, 86, 2250, 8001, 96.37, [N/A], 100
2026/09/13 18:53:39.483, 0, GPU-87701dfa-9023-3c38-a5e1-c4df5064cf56, P0, 86, 2220, 8001, 106.21, [N/A], 95
2026/09/13 18:53:39.687, 0, GPU-87701dfa-9023-3c38-a5e1-c4df5064cf56, P0, 86, 2220, 8001, 106.21, [N/A], 95
2026/09/13 18:53:39.893, 0, GPU-87701dfa-9023-3c38-a5e1-c4df5064cf56, P0, 86, 2220, 8001, 106.21, [N/A], 95
2026/09/13 18:53:40.100, 0, GPU-87701dfa-9023-3c38-a5e1-c4df5064cf56, P0, 89, 2115, 8001, 99.27, [N/A], 95
2026/09/13 18:53:40.304, 0, GPU-87701dfa-9023-3c38-a5e1-c4df5064cf56, P0, 89, 2115, 8001, 99.27, [N/A], 95
2026/09/13 18:53:40.508, 0, GPU-87701dfa-9023-3c38-a5e1-c4df5064cf56, P0, 89, 2295, 8001, 133.43, [N/A], 94
2026/09/13 18:53:40.715, 0, GPU-87701dfa-9023-3c38-a5e1-c4df5064cf56, P0, 89, 2295, 8001, 133.43, [N/A], 94
2026/09/13 18:53:40.921, 0, GPU-87701dfa-9023-3c38-a5e1-c4df5064cf56, P0, 89, 2295, 8001, 133.43, [N/A], 94
2026/09/13 18:53:41.123, 0, GPU-87701dfa-9023-3c38-a5e1-c4df5064cf56, P0, 88, 2040, 8001, 91.36, [N/A], 94
2026/09/13 18:53:41.327, 0, GPU-87701dfa-9023-3c38-a5e1-c4df5064cf56, P0, 88, 2040, 8001, 91.36, [N/A], 94
2026/09/13 18:53:41.565, 0, GPU-87701dfa-9023-3c38-a5e1-c4df5064cf56, P0, 87, 2250, 8001, 111.46, [N/A], 95
2026/09/13 18:53:41.771, 0, GPU-87701dfa-9023-3c38-a5e1-c4df5064cf56, P0, 87, 2250, 8001, 111.46, [N/A], 95
2026/09/13 18:53:41.994, 0, GPU-87701dfa-9023-3c38-a5e1-c4df5064cf56, P0, 85, 2010, 8001, 95.36, [N/A], 95
2026/09/13 18:53:42.197, 0, GPU-87701dfa-9023-3c38-a5e1-c4df5064cf56, P0, 85, 2010, 8001, 95.36, [N/A], 95
2026/09/13 18:53:42.403, 0, GPU-87701dfa-9023-3c38-a5e1-c4df5064cf56, P0, 85, 2010, 8001, 95.36, [N/A], 95
2026/09/13 18:53:42.607, 0, GPU-87701dfa-9023-3c38-a5e1-c4df5064cf56, P0, 86, 2190, 8001, 94.23, [N/A], 96
2026/09/13 18:53:42.813, 0, GPU-87701dfa-9023-3c38-a5e1-c4df5064cf56, P0, 86, 2190, 8001, 94.23, [N/A], 96
2026/09/13 18:53:43.019, 0, GPU-87701dfa-9023-3c38-a5e1-c4df5064cf56, P0, 87, 2070, 8001, 111.18, [N/A], 95
2026/09/13 18:53:43.223, 0, GPU-87701dfa-9023-3c38-a5e1-c4df5064cf56, P0, 87, 2070, 8001, 111.18, [N/A], 95
2026/09/13 18:53:43.428, 0, GPU-87701dfa-9023-3c38-a5e1-c4df5064cf56, P0, 87, 2070, 8001, 111.18, [N/A], 95
2026/09/13 18:53:43.632, 0, GPU-87701dfa-9023-3c38-a5e1-c4df5064cf56, P0, 85, 2235, 8001, 114.04, [N/A], 100
2026/09/13 18:53:43.837, 0, GPU-87701dfa-9023-3c38-a5e1-c4df5064cf56, P0, 85, 2235, 8001, 114.04, [N/A], 100
2026/09/13 18:53:44.041, 0, GPU-87701dfa-9023-3c38-a5e1-c4df5064cf56, P0, 87, 2205, 8001, 104.61, [N/A], 95
2026/09/13 18:53:44.247, 0, GPU-87701dfa-9023-3c38-a5e1-c4df5064cf56, P0, 87, 2205, 8001, 104.61, [N/A], 95
2026/09/13 18:53:44.448, 0, GPU-87701dfa-9023-3c38-a5e1-c4df5064cf56, P0, 87, 2205, 8001, 104.61, [N/A], 95
2026/09/13 18:53:44.654, 0, GPU-87701dfa-9023-3c38-a5e1-c4df5064cf56, P0, 86, 2250, 8001, 95.46, [N/A], 100
2026/09/13 18:53:44.859, 0, GPU-87701dfa-9023-3c38-a5e1-c4df5064cf56, P0, 86, 2250, 8001, 95.46, [N/A], 100
2026/09/13 18:53:45.065, 0, GPU-87701dfa-9023-3c38-a5e1-c4df5064cf56, P0, 85, 2250, 8001, 85.93, [N/A], 95
2026/09/13 18:53:45.267, 0, GPU-87701dfa-9023-3c38-a5e1-c4df5064cf56, P0, 85, 2250, 8001, 85.93, [N/A], 95
2026/09/13 18:53:45.472, 0, GPU-87701dfa-9023-3c38-a5e1-c4df5064cf56, P0, 84, 2460, 8001, 99.72, [N/A], 100
2026/09/13 18:53:45.679, 0, GPU-87701dfa-9023-3c38-a5e1-c4df5064cf56, P0, 84, 2460, 8001, 99.72, [N/A], 100
2026/09/13 18:53:45.884, 0, GPU-87701dfa-9023-3c38-a5e1-c4df5064cf56, P0, 84, 2460, 8001, 99.72, [N/A], 100
2026/09/13 18:53:46.087, 0, GPU-87701dfa-9023-3c38-a5e1-c4df5064cf56, P0, 86, 2190, 8001, 94.66, [N/A], 89
2026/09/13 18:53:46.293, 0, GPU-87701dfa-9023-3c38-a5e1-c4df5064cf56, P0, 86, 2190, 8001, 94.66, [N/A], 89
2026/09/13 18:53:46.494, 0, GPU-87701dfa-9023-3c38-a5e1-c4df5064cf56, P0, 86, 2385, 8001, 103.47, [N/A], 100
2026/09/13 18:53:46.701, 0, GPU-87701dfa-9023-3c38-a5e1-c4df5064cf56, P0, 86, 2385, 8001, 103.47, [N/A], 100
2026/09/13 18:53:46.907, 0, GPU-87701dfa-9023-3c38-a5e1-c4df5064cf56, P0, 86, 2385, 8001, 103.47, [N/A], 100
2026/09/13 18:53:47.115, 0, GPU-87701dfa-9023-3c38-a5e1-c4df5064cf56, P0, 84, 1995, 8001, 89.88, [N/A], 95
2026/09/13 18:53:47.321, 0, GPU-87701dfa-9023-3c38-a5e1-c4df5064cf56, P0, 84, 1995, 8001, 89.88, [N/A], 95
2026/09/13 18:53:47.526, 0, GPU-87701dfa-9023-3c38-a5e1-c4df5064cf56, P0, 86, 2490, 8001, 111.62, [N/A], 100
2026/09/13 18:53:47.730, 0, GPU-87701dfa-9023-3c38-a5e1-c4df5064cf56, P0, 86, 2490, 8001, 111.62, [N/A], 100
2026/09/13 18:53:47.936, 0, GPU-87701dfa-9023-3c38-a5e1-c4df5064cf56, P0, 86, 2490, 8001, 111.62, [N/A], 100
2026/09/13 18:53:48.143, 0, GPU-87701dfa-9023-3c38-a5e1-c4df5064cf56, P0, 85, 2040, 8001, 104.14, [N/A], 93
2026/09/13 18:53:48.349, 0, GPU-87701dfa-9023-3c38-a5e1-c4df5064cf56, P0, 85, 2040, 8001, 104.14, [N/A], 93
2026/09/13 18:53:48.552, 0, GPU-87701dfa-9023-3c38-a5e1-c4df5064cf56, P0, 85, 2265, 8001, 110.32, [N/A], 100
2026/09/13 18:53:48.757, 0, GPU-87701dfa-9023-3c38-a5e1-c4df5064cf56, P0, 85, 2265, 8001, 110.32, [N/A], 100
2026/09/13 18:53:48.962, 0, GPU-87701dfa-9023-3c38-a5e1-c4df5064cf56, P0, 88, 2205, 8001, 103.56, [N/A], 95
2026/09/13 18:53:49.168, 0, GPU-87701dfa-9023-3c38-a5e1-c4df5064cf56, P0, 88, 2205, 8001, 103.56, [N/A], 95
2026/09/13 18:53:49.390, 0, GPU-87701dfa-9023-3c38-a5e1-c4df5064cf56, P0, 88, 2205, 8001, 103.56, [N/A], 95
2026/09/13 18:53:49.662, 0, GPU-87701dfa-9023-3c38-a5e1-c4df5064cf56, P0, 81, 1680, 8001, 69.96, [N/A], 100
2026/09/13 18:53:49.868, 0, GPU-87701dfa-9023-3c38-a5e1-c4df5064cf56, P0, 81, 1680, 8001, 69.96, [N/A], 100
2026/09/13 18:53:50.073, 0, GPU-87701dfa-9023-3c38-a5e1-c4df5064cf56, P0, 89, 2190, 8001, 104.73, [N/A], 94
2026/09/13 18:53:50.278, 0, GPU-87701dfa-9023-3c38-a5e1-c4df5064cf56, P0, 89, 2190, 8001, 104.73, [N/A], 94
2026/09/13 18:53:50.499, 0, GPU-87701dfa-9023-3c38-a5e1-c4df5064cf56, P0, 86, 2115, 8001, 100.05, [N/A], 96
2026/09/13 18:53:50.719, 0, GPU-87701dfa-9023-3c38-a5e1-c4df5064cf56, P0, 86, 2115, 8001, 100.05, [N/A], 96
2026/09/13 18:53:50.942, 0, GPU-87701dfa-9023-3c38-a5e1-c4df5064cf56, P0, 86, 2115, 8001, 100.05, [N/A], 96
2026/09/13 18:53:51.145, 0, GPU-87701dfa-9023-3c38-a5e1-c4df5064cf56, P0, 88, 2070, 8001, 92.87, [N/A], 95
2026/09/13 18:53:51.349, 0, GPU-87701dfa-9023-3c38-a5e1-c4df5064cf56, P0, 88, 2070, 8001, 92.87, [N/A], 95
2026/09/13 18:53:51.555, 0, GPU-87701dfa-9023-3c38-a5e1-c4df5064cf56, P0, 86, 2115, 8001, 99.45, [N/A], 100
2026/09/13 18:53:51.758, 0, GPU-87701dfa-9023-3c38-a5e1-c4df5064cf56, P0, 86, 2115, 8001, 99.45, [N/A], 100
2026/09/13 18:53:51.960, 0, GPU-87701dfa-9023-3c38-a5e1-c4df5064cf56, P0, 87, 2040, 8001, 107.86, [N/A], 95
2026/09/13 18:53:52.165, 0, GPU-87701dfa-9023-3c38-a5e1-c4df5064cf56, P0, 87, 2040, 8001, 107.86, [N/A], 95
2026/09/13 18:53:52.372, 0, GPU-87701dfa-9023-3c38-a5e1-c4df5064cf56, P0, 87, 2040, 8001, 107.86, [N/A], 95
2026/09/13 18:53:52.594, 0, GPU-87701dfa-9023-3c38-a5e1-c4df5064cf56, P0, 85, 2175, 8001, 93.60, [N/A], 100
2026/09/13 18:53:52.797, 0, GPU-87701dfa-9023-3c38-a5e1-c4df5064cf56, P0, 85, 2175, 8001, 93.60, [N/A], 100
2026/09/13 18:53:53.003, 0, GPU-87701dfa-9023-3c38-a5e1-c4df5064cf56, P0, 87, 2100, 8001, 101.26, [N/A], 95
2026/09/13 18:53:53.206, 0, GPU-87701dfa-9023-3c38-a5e1-c4df5064cf56, P0, 87, 2100, 8001, 101.26, [N/A], 95
2026/09/13 18:53:53.411, 0, GPU-87701dfa-9023-3c38-a5e1-c4df5064cf56, P0, 87, 2100, 8001, 101.26, [N/A], 95
2026/09/13 18:53:53.614, 0, GPU-87701dfa-9023-3c38-a5e1-c4df5064cf56, P0, 84, 2115, 8001, 89.48, [N/A], 100
2026/09/13 18:53:53.821, 0, GPU-87701dfa-9023-3c38-a5e1-c4df5064cf56, P0, 84, 2115, 8001, 89.48, [N/A], 100
2026/09/13 18:53:54.027, 0, GPU-87701dfa-9023-3c38-a5e1-c4df5064cf56, P0, 90, 2250, 8001, 89.90, [N/A], 95
2026/09/13 18:53:54.232, 0, GPU-87701dfa-9023-3c38-a5e1-c4df5064cf56, P0, 90, 2250, 8001, 89.90, [N/A], 95
2026/09/13 18:53:54.438, 0, GPU-87701dfa-9023-3c38-a5e1-c4df5064cf56, P0, 90, 2250, 8001, 89.90, [N/A], 95
2026/09/13 18:53:54.645, 0, GPU-87701dfa-9023-3c38-a5e1-c4df5064cf56, P0, 85, 2085, 8001, 82.86, [N/A], 95
2026/09/13 18:53:54.846, 0, GPU-87701dfa-9023-3c38-a5e1-c4df5064cf56, P0, 85, 2085, 8001, 82.86, [N/A], 95
2026/09/13 18:53:55.053, 0, GPU-87701dfa-9023-3c38-a5e1-c4df5064cf56, P0, 86, 2160, 8001, 82.79, [N/A], 95
2026/09/13 18:53:55.261, 0, GPU-87701dfa-9023-3c38-a5e1-c4df5064cf56, P0, 86, 2160, 8001, 82.79, [N/A], 95
2026/09/13 18:53:55.465, 0, GPU-87701dfa-9023-3c38-a5e1-c4df5064cf56, P0, 89, 2340, 8001, 104.03, [N/A], 95
2026/09/13 18:53:55.689, 0, GPU-87701dfa-9023-3c38-a5e1-c4df5064cf56, P0, 89, 2340, 8001, 104.03, [N/A], 95
2026/09/13 18:53:55.895, 0, GPU-87701dfa-9023-3c38-a5e1-c4df5064cf56, P0, 89, 2340, 8001, 104.03, [N/A], 95
2026/09/13 18:53:56.102, 0, GPU-87701dfa-9023-3c38-a5e1-c4df5064cf56, P0, 90, 2100, 8001, 104.64, [N/A], 95
2026/09/13 18:53:56.305, 0, GPU-87701dfa-9023-3c38-a5e1-c4df5064cf56, P0, 90, 2100, 8001, 104.64, [N/A], 95
2026/09/13 18:53:56.512, 0, GPU-87701dfa-9023-3c38-a5e1-c4df5064cf56, P0, 87, 2145, 8001, 87.17, [N/A], 97
2026/09/13 18:53:56.719, 0, GPU-87701dfa-9023-3c38-a5e1-c4df5064cf56, P0, 87, 2145, 8001, 87.17, [N/A], 97
2026/09/13 18:53:56.923, 0, GPU-87701dfa-9023-3c38-a5e1-c4df5064cf56, P0, 87, 2145, 8001, 87.17, [N/A], 97
2026/09/13 18:53:57.129, 0, GPU-87701dfa-9023-3c38-a5e1-c4df5064cf56, P0, 86, 2130, 8001, 88.88, [N/A], 95
2026/09/13 18:53:57.334, 0, GPU-87701dfa-9023-3c38-a5e1-c4df5064cf56, P0, 86, 2130, 8001, 88.88, [N/A], 95
2026/09/13 18:53:57.538, 0, GPU-87701dfa-9023-3c38-a5e1-c4df5064cf56, P0, 86, 2145, 8001, 93.39, [N/A], 95
2026/09/13 18:53:57.742, 0, GPU-87701dfa-9023-3c38-a5e1-c4df5064cf56, P0, 86, 2145, 8001, 93.39, [N/A], 95
2026/09/13 18:53:57.948, 0, GPU-87701dfa-9023-3c38-a5e1-c4df5064cf56, P0, 86, 2145, 8001, 93.39, [N/A], 95
2026/09/13 18:53:58.156, 0, GPU-87701dfa-9023-3c38-a5e1-c4df5064cf56, P0, 90, 2115, 8001, 145.65, [N/A], 95
2026/09/13 18:53:58.362, 0, GPU-87701dfa-9023-3c38-a5e1-c4df5064cf56, P0, 90, 2115, 8001, 145.65, [N/A], 95
2026/09/13 18:53:58.568, 0, GPU-87701dfa-9023-3c38-a5e1-c4df5064cf56, P0, 85, 2490, 8001, 78.10, [N/A], 64
2026/09/13 18:53:58.786, 0, GPU-87701dfa-9023-3c38-a5e1-c4df5064cf56, P0, 85, 2490, 8001, 78.10, [N/A], 64
2026/09/13 18:53:58.989, 0, GPU-87701dfa-9023-3c38-a5e1-c4df5064cf56, P0, 85, 2490, 8001, 88.93, [N/A], 55
2026/09/13 18:53:59.193, 0, GPU-87701dfa-9023-3c38-a5e1-c4df5064cf56, P0, 85, 2490, 8001, 88.93, [N/A], 55
2026/09/13 18:53:59.399, 0, GPU-87701dfa-9023-3c38-a5e1-c4df5064cf56, P0, 85, 2490, 8001, 88.93, [N/A], 55
2026/09/13 18:53:59.605, 0, GPU-87701dfa-9023-3c38-a5e1-c4df5064cf56, P0, 84, 2295, 8001, 28.48, [N/A], 0
2026/09/13 18:53:59.813, 0, GPU-87701dfa-9023-3c38-a5e1-c4df5064cf56, P0, 84, 2295, 8001, 28.48, [N/A], 0
2026/09/13 18:54:00.018, 0, GPU-87701dfa-9023-3c38-a5e1-c4df5064cf56, P0, 83, 1635, 8001, 62.40, [N/A], 95
2026/09/13 18:54:00.224, 0, GPU-87701dfa-9023-3c38-a5e1-c4df5064cf56, P0, 83, 1635, 8001, 62.40, [N/A], 95
2026/09/13 18:54:00.444, 0, GPU-87701dfa-9023-3c38-a5e1-c4df5064cf56, P0, 83, 1635, 8001, 62.40, [N/A], 95
2026/09/13 18:54:00.650, 0, GPU-87701dfa-9023-3c38-a5e1-c4df5064cf56, P0, 87, 2100, 8001, 88.42, [N/A], 100
2026/09/13 18:54:00.857, 0, GPU-87701dfa-9023-3c38-a5e1-c4df5064cf56, P0, 87, 2100, 8001, 88.42, [N/A], 100
2026/09/13 18:54:01.061, 0, GPU-87701dfa-9023-3c38-a5e1-c4df5064cf56, P0, 86, 2190, 8001, 87.10, [N/A], 95
2026/09/13 18:54:01.266, 0, GPU-87701dfa-9023-3c38-a5e1-c4df5064cf56, P0, 86, 2190, 8001, 87.10, [N/A], 95
2026/09/13 18:54:01.467, 0, GPU-87701dfa-9023-3c38-a5e1-c4df5064cf56, P0, 91, 2400, 8001, 106.01, [N/A], 99
2026/09/13 18:54:01.671, 0, GPU-87701dfa-9023-3c38-a5e1-c4df5064cf56, P0, 91, 2400, 8001, 106.01, [N/A], 99
2026/09/13 18:54:01.908, 0, GPU-87701dfa-9023-3c38-a5e1-c4df5064cf56, P0, 91, 2400, 8001, 106.01, [N/A], 99
2026/09/13 18:54:02.113, 0, GPU-87701dfa-9023-3c38-a5e1-c4df5064cf56, P0, 84, 2025, 8001, 85.86, [N/A], 95
2026/09/13 18:54:02.336, 0, GPU-87701dfa-9023-3c38-a5e1-c4df5064cf56, P0, 84, 2025, 8001, 85.86, [N/A], 95
2026/09/13 18:54:02.540, 0, GPU-87701dfa-9023-3c38-a5e1-c4df5064cf56, P0, 85, 2340, 8001, 98.34, [N/A], 100
2026/09/13 18:54:02.744, 0, GPU-87701dfa-9023-3c38-a5e1-c4df5064cf56, P0, 85, 2340, 8001, 98.34, [N/A], 100
2026/09/13 18:54:02.948, 0, GPU-87701dfa-9023-3c38-a5e1-c4df5064cf56, P0, 85, 2340, 8001, 98.34, [N/A], 100
2026/09/13 18:54:03.151, 0, GPU-87701dfa-9023-3c38-a5e1-c4df5064cf56, P0, 89, 2205, 8001, 111.27, [N/A], 95
2026/09/13 18:54:03.357, 0, GPU-87701dfa-9023-3c38-a5e1-c4df5064cf56, P0, 89, 2205, 8001, 111.27, [N/A], 95
2026/09/13 18:54:03.562, 0, GPU-87701dfa-9023-3c38-a5e1-c4df5064cf56, P0, 85, 2025, 8001, 97.59, [N/A], 100
2026/09/13 18:54:03.768, 0, GPU-87701dfa-9023-3c38-a5e1-c4df5064cf56, P0, 85, 2025, 8001, 97.59, [N/A], 100
2026/09/13 18:54:03.973, 0, GPU-87701dfa-9023-3c38-a5e1-c4df5064cf56, P0, 87, 2010, 8001, 92.62, [N/A], 95
2026/09/13 18:54:04.178, 0, GPU-87701dfa-9023-3c38-a5e1-c4df5064cf56, P0, 87, 2010, 8001, 92.62, [N/A], 95
2026/09/13 18:54:04.386, 0, GPU-87701dfa-9023-3c38-a5e1-c4df5064cf56, P0, 87, 2010, 8001, 92.62, [N/A], 95
2026/09/13 18:54:04.592, 0, GPU-87701dfa-9023-3c38-a5e1-c4df5064cf56, P0, 88, 2205, 8001, 96.65, [N/A], 95
2026/09/13 18:54:04.798, 0, GPU-87701dfa-9023-3c38-a5e1-c4df5064cf56, P0, 88, 2205, 8001, 96.65, [N/A], 95
2026/09/13 18:54:05.004, 0, GPU-87701dfa-9023-3c38-a5e1-c4df5064cf56, P0, 91, 2355, 8001, 102.36, [N/A], 95
2026/09/13 18:54:05.209, 0, GPU-87701dfa-9023-3c38-a5e1-c4df5064cf56, P0, 91, 2355, 8001, 102.36, [N/A], 95
2026/09/13 18:54:05.414, 0, GPU-87701dfa-9023-3c38-a5e1-c4df5064cf56, P0, 91, 2355, 8001, 102.36, [N/A], 95
2026/09/13 18:54:05.637, 0, GPU-87701dfa-9023-3c38-a5e1-c4df5064cf56, P0, 84, 1860, 8001, 84.79, [N/A], 95
2026/09/13 18:54:05.859, 0, GPU-87701dfa-9023-3c38-a5e1-c4df5064cf56, P0, 84, 1860, 8001, 84.79, [N/A], 95
2026/09/13 18:54:06.065, 0, GPU-87701dfa-9023-3c38-a5e1-c4df5064cf56, P0, 87, 2175, 8001, 86.54, [N/A], 99
2026/09/13 18:54:06.273, 0, GPU-87701dfa-9023-3c38-a5e1-c4df5064cf56, P0, 87, 2175, 8001, 86.54, [N/A], 99
2026/09/13 18:54:06.478, 0, GPU-87701dfa-9023-3c38-a5e1-c4df5064cf56, P0, 86, 2160, 8001, 93.89, [N/A], 95
2026/09/13 18:54:06.685, 0, GPU-87701dfa-9023-3c38-a5e1-c4df5064cf56, P0, 86, 2160, 8001, 93.89, [N/A], 95
2026/09/13 18:54:06.891, 0, GPU-87701dfa-9023-3c38-a5e1-c4df5064cf56, P0, 86, 2160, 8001, 93.89, [N/A], 95
2026/09/13 18:54:07.096, 0, GPU-87701dfa-9023-3c38-a5e1-c4df5064cf56, P0, 84, 2145, 8001, 90.62, [N/A], 100
2026/09/13 18:54:07.299, 0, GPU-87701dfa-9023-3c38-a5e1-c4df5064cf56, P0, 84, 2145, 8001, 90.62, [N/A], 100
2026/09/13 18:54:07.505, 0, GPU-87701dfa-9023-3c38-a5e1-c4df5064cf56, P0, 87, 2100, 8001, 107.04, [N/A], 95
2026/09/13 18:54:07.713, 0, GPU-87701dfa-9023-3c38-a5e1-c4df5064cf56, P0, 87, 2100, 8001, 107.04, [N/A], 95
2026/09/13 18:54:07.918, 0, GPU-87701dfa-9023-3c38-a5e1-c4df5064cf56, P0, 87, 2100, 8001, 107.04, [N/A], 95
2026/09/13 18:54:08.125, 0, GPU-87701dfa-9023-3c38-a5e1-c4df5064cf56, P0, 84, 1935, 8001, 84.39, [N/A], 100
2026/09/13 18:54:08.331, 0, GPU-87701dfa-9023-3c38-a5e1-c4df5064cf56, P0, 84, 1935, 8001, 84.39, [N/A], 100
2026/09/13 18:54:08.535, 0, GPU-87701dfa-9023-3c38-a5e1-c4df5064cf56, P0, 86, 1860, 8001, 104.53, [N/A], 95
2026/09/13 18:54:08.741, 0, GPU-87701dfa-9023-3c38-a5e1-c4df5064cf56, P0, 86, 1860, 8001, 104.53, [N/A], 95
2026/09/13 18:54:08.947, 0, GPU-87701dfa-9023-3c38-a5e1-c4df5064cf56, P0, 86, 1860, 8001, 104.53, [N/A], 95
2026/09/13 18:54:09.151, 0, GPU-87701dfa-9023-3c38-a5e1-c4df5064cf56, P0, 86, 2175, 8001, 91.92, [N/A], 95
2026/09/13 18:54:09.353, 0, GPU-87701dfa-9023-3c38-a5e1-c4df5064cf56, P0, 86, 2175, 8001, 91.92, [N/A], 95
2026/09/13 18:54:09.554, 0, GPU-87701dfa-9023-3c38-a5e1-c4df5064cf56, P0, 91, 2400, 8001, 102.59, [N/A], 93
2026/09/13 18:54:09.761, 0, GPU-87701dfa-9023-3c38-a5e1-c4df5064cf56, P0, 91, 2400, 8001, 102.59, [N/A], 93
2026/09/13 18:54:09.965, 0, GPU-87701dfa-9023-3c38-a5e1-c4df5064cf56, P0, 91, 2400, 8001, 102.59, [N/A], 93
2026/09/13 18:54:10.173, 0, GPU-87701dfa-9023-3c38-a5e1-c4df5064cf56, P0, 86, 2145, 8001, 93.03, [N/A], 100
2026/09/13 18:54:10.395, 0, GPU-87701dfa-9023-3c38-a5e1-c4df5064cf56, P0, 86, 2145, 8001, 93.03, [N/A], 100
2026/09/13 18:54:10.602, 0, GPU-87701dfa-9023-3c38-a5e1-c4df5064cf56, P0, 86, 1965, 8001, 90.90, [N/A], 95
2026/09/13 18:54:10.807, 0, GPU-87701dfa-9023-3c38-a5e1-c4df5064cf56, P0, 86, 1965, 8001, 90.90, [N/A], 95
2026/09/13 18:54:11.014, 0, GPU-87701dfa-9023-3c38-a5e1-c4df5064cf56, P0, 87, 2145, 8001, 91.94, [N/A], 100
2026/09/13 18:54:11.217, 0, GPU-87701dfa-9023-3c38-a5e1-c4df5064cf56, P0, 87, 2145, 8001, 91.94, [N/A], 100
2026/09/13 18:54:11.417, 0, GPU-87701dfa-9023-3c38-a5e1-c4df5064cf56, P0, 87, 2145, 8001, 91.94, [N/A], 100
2026/09/13 18:54:11.621, 0, GPU-87701dfa-9023-3c38-a5e1-c4df5064cf56, P0, 86, 1875, 8001, 78.58, [N/A], 95
2026/09/13 18:54:11.826, 0, GPU-87701dfa-9023-3c38-a5e1-c4df5064cf56, P0, 86, 1875, 8001, 78.58, [N/A], 95
2026/09/13 18:54:12.030, 0, GPU-87701dfa-9023-3c38-a5e1-c4df5064cf56, P0, 86, 2085, 8001, 94.30, [N/A], 95
2026/09/13 18:54:12.235, 0, GPU-87701dfa-9023-3c38-a5e1-c4df5064cf56, P0, 86, 2085, 8001, 94.30, [N/A], 95
2026/09/13 18:54:12.440, 0, GPU-87701dfa-9023-3c38-a5e1-c4df5064cf56, P0, 86, 2085, 8001, 94.30, [N/A], 95
2026/09/13 18:54:12.646, 0, GPU-87701dfa-9023-3c38-a5e1-c4df5064cf56, P0, 86, 1770, 8001, 57.42, [N/A], 96
2026/09/13 18:54:12.853, 0, GPU-87701dfa-9023-3c38-a5e1-c4df5064cf56, P0, 86, 1770, 8001, 57.42, [N/A], 96
2026/09/13 18:54:13.058, 0, GPU-87701dfa-9023-3c38-a5e1-c4df5064cf56, P0, 87, 2130, 8001, 96.48, [N/A], 95
2026/09/13 18:54:13.264, 0, GPU-87701dfa-9023-3c38-a5e1-c4df5064cf56, P0, 87, 2130, 8001, 96.48, [N/A], 95
2026/09/13 18:54:13.484, 0, GPU-87701dfa-9023-3c38-a5e1-c4df5064cf56, P0, 84, 2055, 8001, 96.84, [N/A], 100
2026/09/13 18:54:13.688, 0, GPU-87701dfa-9023-3c38-a5e1-c4df5064cf56, P0, 84, 2055, 8001, 96.84, [N/A], 100
2026/09/13 18:54:13.893, 0, GPU-87701dfa-9023-3c38-a5e1-c4df5064cf56, P0, 84, 2055, 8001, 96.84, [N/A], 100
2026/09/13 18:54:14.099, 0, GPU-87701dfa-9023-3c38-a5e1-c4df5064cf56, P0, 87, 1995, 8001, 89.99, [N/A], 95
2026/09/13 18:54:14.304, 0, GPU-87701dfa-9023-3c38-a5e1-c4df5064cf56, P0, 87, 1995, 8001, 89.99, [N/A], 95
2026/09/13 18:54:14.509, 0, GPU-87701dfa-9023-3c38-a5e1-c4df5064cf56, P0, 86, 2130, 8001, 85.60, [N/A], 96
2026/09/13 18:54:14.715, 0, GPU-87701dfa-9023-3c38-a5e1-c4df5064cf56, P0, 86, 2130, 8001, 85.60, [N/A], 96
2026/09/13 18:54:14.920, 0, GPU-87701dfa-9023-3c38-a5e1-c4df5064cf56, P0, 86, 2130, 8001, 85.60, [N/A], 96
2026/09/13 18:54:15.156, 0, GPU-87701dfa-9023-3c38-a5e1-c4df5064cf56, P0, 91, 2115, 8001, 101.09, [N/A], 96
2026/09/13 18:54:15.361, 0, GPU-87701dfa-9023-3c38-a5e1-c4df5064cf56, P0, 91, 2115, 8001, 101.09, [N/A], 96
2026/09/13 18:54:15.578, 0, GPU-87701dfa-9023-3c38-a5e1-c4df5064cf56, P0, 85, 2010, 8001, 78.60, [N/A], 95
2026/09/13 18:54:15.782, 0, GPU-87701dfa-9023-3c38-a5e1-c4df5064cf56, P0, 85, 2010, 8001, 78.60, [N/A], 95
2026/09/13 18:54:15.984, 0, GPU-87701dfa-9023-3c38-a5e1-c4df5064cf56, P0, 89, 2175, 8001, 95.13, [N/A], 99
2026/09/13 18:54:16.189, 0, GPU-87701dfa-9023-3c38-a5e1-c4df5064cf56, P0, 89, 2175, 8001, 95.13, [N/A], 99
2026/09/13 18:54:16.395, 0, GPU-87701dfa-9023-3c38-a5e1-c4df5064cf56, P0, 89, 2175, 8001, 95.13, [N/A], 99
2026/09/13 18:54:16.600, 0, GPU-87701dfa-9023-3c38-a5e1-c4df5064cf56, P0, 85, 1950, 8001, 92.42, [N/A], 96
2026/09/13 18:54:16.804, 0, GPU-87701dfa-9023-3c38-a5e1-c4df5064cf56, P0, 85, 1950, 8001, 92.42, [N/A], 96
2026/09/13 18:54:17.008, 0, GPU-87701dfa-9023-3c38-a5e1-c4df5064cf56, P0, 88, 2415, 8001, 105.66, [N/A], 100
2026/09/13 18:54:17.229, 0, GPU-87701dfa-9023-3c38-a5e1-c4df5064cf56, P0, 88, 2415, 8001, 105.66, [N/A], 100
2026/09/13 18:54:17.434, 0, GPU-87701dfa-9023-3c38-a5e1-c4df5064cf56, P0, 88, 2415, 8001, 105.66, [N/A], 100
2026/09/13 18:54:17.638, 0, GPU-87701dfa-9023-3c38-a5e1-c4df5064cf56, P0, 85, 1815, 8001, 85.59, [N/A], 95
2026/09/13 18:54:17.839, 0, GPU-87701dfa-9023-3c38-a5e1-c4df5064cf56, P0, 85, 1815, 8001, 85.59, [N/A], 95
2026/09/13 18:54:18.045, 0, GPU-87701dfa-9023-3c38-a5e1-c4df5064cf56, P0, 87, 2235, 8001, 88.99, [N/A], 95
2026/09/13 18:54:18.250, 0, GPU-87701dfa-9023-3c38-a5e1-c4df5064cf56, P0, 87, 2235, 8001, 88.99, [N/A], 95
2026/09/13 18:54:18.453, 0, GPU-87701dfa-9023-3c38-a5e1-c4df5064cf56, P0, 87, 2235, 8001, 88.99, [N/A], 95
2026/09/13 18:54:18.660, 0, GPU-87701dfa-9023-3c38-a5e1-c4df5064cf56, P0, 86, 1875, 8001, 80.38, [N/A], 96
2026/09/13 18:54:18.865, 0, GPU-87701dfa-9023-3c38-a5e1-c4df5064cf56, P0, 86, 1875, 8001, 80.38, [N/A], 96
2026/09/13 18:54:19.069, 0, GPU-87701dfa-9023-3c38-a5e1-c4df5064cf56, P0, 87, 2130, 8001, 98.61, [N/A], 95
2026/09/13 18:54:19.276, 0, GPU-87701dfa-9023-3c38-a5e1-c4df5064cf56, P0, 87, 2130, 8001, 98.61, [N/A], 95
2026/09/13 18:54:19.481, 0, GPU-87701dfa-9023-3c38-a5e1-c4df5064cf56, P0, 85, 2205, 8001, 84.77, [N/A], 100
2026/09/13 18:54:19.684, 0, GPU-87701dfa-9023-3c38-a5e1-c4df5064cf56, P0, 85, 2205, 8001, 84.77, [N/A], 100
2026/09/13 18:54:19.886, 0, GPU-87701dfa-9023-3c38-a5e1-c4df5064cf56, P0, 85, 2205, 8001, 84.77, [N/A], 100
2026/09/13 18:54:20.092, 0, GPU-87701dfa-9023-3c38-a5e1-c4df5064cf56, P0, 90, 2250, 8001, 116.60, [N/A], 95
2026/09/13 18:54:20.299, 0, GPU-87701dfa-9023-3c38-a5e1-c4df5064cf56, P0, 90, 2250, 8001, 116.60, [N/A], 95
2026/09/13 18:54:20.504, 0, GPU-87701dfa-9023-3c38-a5e1-c4df5064cf56, P0, 85, 1950, 8001, 86.69, [N/A], 100
2026/09/13 18:54:20.706, 0, GPU-87701dfa-9023-3c38-a5e1-c4df5064cf56, P0, 85, 1950, 8001, 86.69, [N/A], 100
2026/09/13 18:54:20.914, 0, GPU-87701dfa-9023-3c38-a5e1-c4df5064cf56, P0, 85, 1950, 8001, 86.69, [N/A], 100
2026/09/13 18:54:21.119, 0, GPU-87701dfa-9023-3c38-a5e1-c4df5064cf56, P0, 91, 2205, 8001, 123.25, [N/A], 90
2026/09/13 18:54:21.324, 0, GPU-87701dfa-9023-3c38-a5e1-c4df5064cf56, P0, 91, 2205, 8001, 123.25, [N/A], 90
2026/09/13 18:54:21.529, 0, GPU-87701dfa-9023-3c38-a5e1-c4df5064cf56, P0, 85, 1830, 8001, 87.43, [N/A], 95
2026/09/13 18:54:21.736, 0, GPU-87701dfa-9023-3c38-a5e1-c4df5064cf56, P0, 85, 1830, 8001, 87.43, [N/A], 95
2026/09/13 18:54:21.939, 0, GPU-87701dfa-9023-3c38-a5e1-c4df5064cf56, P0, 85, 1830, 8001, 87.43, [N/A], 95
2026/09/13 18:54:22.144, 0, GPU-87701dfa-9023-3c38-a5e1-c4df5064cf56, P0, 86, 2100, 8001, 86.03, [N/A], 100
2026/09/13 18:54:22.348, 0, GPU-87701dfa-9023-3c38-a5e1-c4df5064cf56, P0, 86, 2100, 8001, 86.03, [N/A], 100
2026/09/13 18:54:22.555, 0, GPU-87701dfa-9023-3c38-a5e1-c4df5064cf56, P0, 85, 1875, 8001, 83.62, [N/A], 95
2026/09/13 18:54:22.761, 0, GPU-87701dfa-9023-3c38-a5e1-c4df5064cf56, P0, 85, 1875, 8001, 83.62, [N/A], 95
2026/09/13 18:54:22.967, 0, GPU-87701dfa-9023-3c38-a5e1-c4df5064cf56, P0, 87, 2100, 8001, 84.56, [N/A], 98
2026/09/13 18:54:23.171, 0, GPU-87701dfa-9023-3c38-a5e1-c4df5064cf56, P0, 87, 2100, 8001, 84.56, [N/A], 98
2026/09/13 18:54:23.375, 0, GPU-87701dfa-9023-3c38-a5e1-c4df5064cf56, P0, 87, 2100, 8001, 84.56, [N/A], 98
2026/09/13 18:54:23.578, 0, GPU-87701dfa-9023-3c38-a5e1-c4df5064cf56, P0, 86, 1905, 8001, 79.15, [N/A], 95
2026/09/13 18:54:23.785, 0, GPU-87701dfa-9023-3c38-a5e1-c4df5064cf56, P0, 86, 1905, 8001, 79.15, [N/A], 95
2026/09/13 18:54:23.987, 0, GPU-87701dfa-9023-3c38-a5e1-c4df5064cf56, P0, 88, 2160, 8001, 94.70, [N/A], 91
2026/09/13 18:54:24.192, 0, GPU-87701dfa-9023-3c38-a5e1-c4df5064cf56, P0, 88, 2160, 8001, 94.70, [N/A], 91
2026/09/13 18:54:24.397, 0, GPU-87701dfa-9023-3c38-a5e1-c4df5064cf56, P0, 88, 2160, 8001, 94.70, [N/A], 91
2026/09/13 18:54:24.618, 0, GPU-87701dfa-9023-3c38-a5e1-c4df5064cf56, P0, 90, 1905, 8001, 94.80, [N/A], 96
2026/09/13 18:54:24.824, 0, GPU-87701dfa-9023-3c38-a5e1-c4df5064cf56, P0, 90, 1905, 8001, 94.80, [N/A], 96
2026/09/13 18:54:25.032, 0, GPU-87701dfa-9023-3c38-a5e1-c4df5064cf56, P0, 86, 1980, 8001, 91.21, [N/A], 95
2026/09/13 18:54:25.238, 0, GPU-87701dfa-9023-3c38-a5e1-c4df5064cf56, P0, 86, 1980, 8001, 91.21, [N/A], 95
2026/09/13 18:54:25.443, 0, GPU-87701dfa-9023-3c38-a5e1-c4df5064cf56, P0, 86, 1980, 8001, 91.21, [N/A], 95
2026/09/13 18:54:25.651, 0, GPU-87701dfa-9023-3c38-a5e1-c4df5064cf56, P0, 87, 2265, 8001, 95.72, [N/A], 100
2026/09/13 18:54:25.857, 0, GPU-87701dfa-9023-3c38-a5e1-c4df5064cf56, P0, 87, 2265, 8001, 95.72, [N/A], 100
2026/09/13 18:54:26.061, 0, GPU-87701dfa-9023-3c38-a5e1-c4df5064cf56, P0, 90, 1920, 8001, 114.36, [N/A], 95
2026/09/13 18:54:26.266, 0, GPU-87701dfa-9023-3c38-a5e1-c4df5064cf56, P0, 90, 1920, 8001, 114.36, [N/A], 95
2026/09/13 18:54:26.472, 0, GPU-87701dfa-9023-3c38-a5e1-c4df5064cf56, P0, 87, 1950, 8001, 89.30, [N/A], 95
2026/09/13 18:54:26.678, 0, GPU-87701dfa-9023-3c38-a5e1-c4df5064cf56, P0, 87, 1950, 8001, 89.30, [N/A], 95
2026/09/13 18:54:26.884, 0, GPU-87701dfa-9023-3c38-a5e1-c4df5064cf56, P0, 87, 1950, 8001, 89.30, [N/A], 95
2026/09/13 18:54:27.089, 0, GPU-87701dfa-9023-3c38-a5e1-c4df5064cf56, P0, 87, 1935, 8001, 82.98, [N/A], 95
2026/09/13 18:54:27.293, 0, GPU-87701dfa-9023-3c38-a5e1-c4df5064cf56, P0, 87, 1935, 8001, 82.98, [N/A], 95
2026/09/13 18:54:27.499, 0, GPU-87701dfa-9023-3c38-a5e1-c4df5064cf56, P0, 89, 2250, 8001, 78.79, [N/A], 95
2026/09/13 18:54:27.721, 0, GPU-87701dfa-9023-3c38-a5e1-c4df5064cf56, P0, 89, 2250, 8001, 78.79, [N/A], 95
2026/09/13 18:54:27.927, 0, GPU-87701dfa-9023-3c38-a5e1-c4df5064cf56, P0, 89, 2250, 8001, 78.79, [N/A], 95
2026/09/13 18:54:28.131, 0, GPU-87701dfa-9023-3c38-a5e1-c4df5064cf56, P0, 89, 2040, 8001, 98.17, [N/A], 100
2026/09/13 18:54:28.337, 0, GPU-87701dfa-9023-3c38-a5e1-c4df5064cf56, P0, 89, 2040, 8001, 98.17, [N/A], 100
2026/09/13 18:54:28.543, 0, GPU-87701dfa-9023-3c38-a5e1-c4df5064cf56, P0, 90, 2235, 8001, 86.77, [N/A], 95
2026/09/13 18:54:28.748, 0, GPU-87701dfa-9023-3c38-a5e1-c4df5064cf56, P0, 90, 2235, 8001, 86.77, [N/A], 95
2026/09/13 18:54:28.955, 0, GPU-87701dfa-9023-3c38-a5e1-c4df5064cf56, P0, 90, 2235, 8001, 86.77, [N/A], 95
2026/09/13 18:54:29.160, 0, GPU-87701dfa-9023-3c38-a5e1-c4df5064cf56, P0, 86, 2115, 8001, 94.82, [N/A], 96
2026/09/13 18:54:29.367, 0, GPU-87701dfa-9023-3c38-a5e1-c4df5064cf56, P0, 86, 2115, 8001, 94.82, [N/A], 96
2026/09/13 18:54:29.573, 0, GPU-87701dfa-9023-3c38-a5e1-c4df5064cf56, P0, 90, 1980, 8001, 88.51, [N/A], 95
2026/09/13 18:54:29.781, 0, GPU-87701dfa-9023-3c38-a5e1-c4df5064cf56, P0, 90, 1980, 8001, 88.51, [N/A], 95
2026/09/13 18:54:29.986, 0, GPU-87701dfa-9023-3c38-a5e1-c4df5064cf56, P0, 90, 2265, 8001, 109.77, [N/A], 95
2026/09/13 18:54:30.190, 0, GPU-87701dfa-9023-3c38-a5e1-c4df5064cf56, P0, 90, 2265, 8001, 109.77, [N/A], 95
2026/09/13 18:54:30.396, 0, GPU-87701dfa-9023-3c38-a5e1-c4df5064cf56, P0, 90, 2265, 8001, 109.77, [N/A], 95
2026/09/13 18:54:30.601, 0, GPU-87701dfa-9023-3c38-a5e1-c4df5064cf56, P0, 87, 2070, 8001, 87.58, [N/A], 100
2026/09/13 18:54:30.806, 0, GPU-87701dfa-9023-3c38-a5e1-c4df5064cf56, P0, 87, 2070, 8001, 87.58, [N/A], 100
2026/09/13 18:54:31.011, 0, GPU-87701dfa-9023-3c38-a5e1-c4df5064cf56, P0, 84, 1710, 8001, 74.84, [N/A], 95
2026/09/13 18:54:31.216, 0, GPU-87701dfa-9023-3c38-a5e1-c4df5064cf56, P0, 84, 1710, 8001, 74.84, [N/A], 95
2026/09/13 18:54:31.422, 0, GPU-87701dfa-9023-3c38-a5e1-c4df5064cf56, P0, 84, 1710, 8001, 74.84, [N/A], 95
2026/09/13 18:54:31.626, 0, GPU-87701dfa-9023-3c38-a5e1-c4df5064cf56, P0, 85, 2070, 8001, 87.58, [N/A], 100
2026/09/13 18:54:31.829, 0, GPU-87701dfa-9023-3c38-a5e1-c4df5064cf56, P0, 85, 2070, 8001, 87.58, [N/A], 100
2026/09/13 18:54:32.036, 0, GPU-87701dfa-9023-3c38-a5e1-c4df5064cf56, P0, 89, 2025, 8001, 89.82, [N/A], 95
2026/09/13 18:54:32.241, 0, GPU-87701dfa-9023-3c38-a5e1-c4df5064cf56, P0, 89, 2025, 8001, 89.82, [N/A], 95
2026/09/13 18:54:32.445, 0, GPU-87701dfa-9023-3c38-a5e1-c4df5064cf56, P0, 89, 2025, 8001, 89.82, [N/A], 95
2026/09/13 18:54:32.651, 0, GPU-87701dfa-9023-3c38-a5e1-c4df5064cf56, P0, 86, 2055, 8001, 81.16, [N/A], 95
2026/09/13 18:54:32.858, 0, GPU-87701dfa-9023-3c38-a5e1-c4df5064cf56, P0, 86, 2055, 8001, 81.16, [N/A], 95
2026/09/13 18:54:33.064, 0, GPU-87701dfa-9023-3c38-a5e1-c4df5064cf56, P0, 88, 1905, 8001, 84.92, [N/A], 95
2026/09/13 18:54:33.271, 0, GPU-87701dfa-9023-3c38-a5e1-c4df5064cf56, P0, 88, 1905, 8001, 84.92, [N/A], 95
2026/09/13 18:54:33.476, 0, GPU-87701dfa-9023-3c38-a5e1-c4df5064cf56, P0, 86, 2055, 8001, 90.83, [N/A], 96
2026/09/13 18:54:33.697, 0, GPU-87701dfa-9023-3c38-a5e1-c4df5064cf56, P0, 86, 2055, 8001, 90.83, [N/A], 96
2026/09/13 18:54:33.903, 0, GPU-87701dfa-9023-3c38-a5e1-c4df5064cf56, P0, 86, 2055, 8001, 90.83, [N/A], 96
2026/09/13 18:54:34.110, 0, GPU-87701dfa-9023-3c38-a5e1-c4df5064cf56, P0, 85, 2010, 8001, 91.82, [N/A], 100
2026/09/13 18:54:34.315, 0, GPU-87701dfa-9023-3c38-a5e1-c4df5064cf56, P0, 85, 2010, 8001, 91.82, [N/A], 100
2026/09/13 18:54:34.521, 0, GPU-87701dfa-9023-3c38-a5e1-c4df5064cf56, P0, 85, 1890, 8001, 97.48, [N/A], 95
2026/09/13 18:54:34.727, 0, GPU-87701dfa-9023-3c38-a5e1-c4df5064cf56, P0, 85, 1890, 8001, 97.48, [N/A], 95
2026/09/13 18:54:34.931, 0, GPU-87701dfa-9023-3c38-a5e1-c4df5064cf56, P0, 85, 1890, 8001, 97.48, [N/A], 95
2026/09/13 18:54:35.136, 0, GPU-87701dfa-9023-3c38-a5e1-c4df5064cf56, P0, 86, 1995, 8001, 89.75, [N/A], 95
2026/09/13 18:54:35.343, 0, GPU-87701dfa-9023-3c38-a5e1-c4df5064cf56, P0, 86, 1995, 8001, 89.75, [N/A], 95
2026/09/13 18:54:35.549, 0, GPU-87701dfa-9023-3c38-a5e1-c4df5064cf56, P0, 87, 1905, 8001, 84.57, [N/A], 98
2026/09/13 18:54:35.755, 0, GPU-87701dfa-9023-3c38-a5e1-c4df5064cf56, P0, 87, 1905, 8001, 84.57, [N/A], 98
2026/09/13 18:54:35.961, 0, GPU-87701dfa-9023-3c38-a5e1-c4df5064cf56, P0, 86, 2205, 8001, 90.98, [N/A], 95
2026/09/13 18:54:36.167, 0, GPU-87701dfa-9023-3c38-a5e1-c4df5064cf56, P0, 86, 2205, 8001, 90.98, [N/A], 95
2026/09/13 18:54:36.373, 0, GPU-87701dfa-9023-3c38-a5e1-c4df5064cf56, P0, 86, 2205, 8001, 90.98, [N/A], 95
2026/09/13 18:54:36.578, 0, GPU-87701dfa-9023-3c38-a5e1-c4df5064cf56, P0, 84, 2115, 8001, 80.82, [N/A], 100
2026/09/13 18:54:36.783, 0, GPU-87701dfa-9023-3c38-a5e1-c4df5064cf56, P0, 84, 2115, 8001, 80.82, [N/A], 100
2026/09/13 18:54:36.989, 0, GPU-87701dfa-9023-3c38-a5e1-c4df5064cf56, P0, 88, 2085, 8001, 90.00, [N/A], 95
2026/09/13 18:54:37.193, 0, GPU-87701dfa-9023-3c38-a5e1-c4df5064cf56, P0, 88, 2085, 8001, 90.00, [N/A], 95
2026/09/13 18:54:37.399, 0, GPU-87701dfa-9023-3c38-a5e1-c4df5064cf56, P0, 88, 2085, 8001, 90.00, [N/A], 95
2026/09/13 18:54:37.606, 0, GPU-87701dfa-9023-3c38-a5e1-c4df5064cf56, P0, 86, 2085, 8001, 82.78, [N/A], 98
2026/09/13 18:54:37.813, 0, GPU-87701dfa-9023-3c38-a5e1-c4df5064cf56, P0, 86, 2085, 8001, 82.78, [N/A], 98
2026/09/13 18:54:38.020, 0, GPU-87701dfa-9023-3c38-a5e1-c4df5064cf56, P0, 89, 2025, 8001, 91.64, [N/A], 96
2026/09/13 18:54:38.226, 0, GPU-87701dfa-9023-3c38-a5e1-c4df5064cf56, P0, 89, 2025, 8001, 91.64, [N/A], 96
2026/09/13 18:54:38.431, 0, GPU-87701dfa-9023-3c38-a5e1-c4df5064cf56, P0, 89, 2025, 8001, 91.64, [N/A], 96
2026/09/13 18:54:38.637, 0, GPU-87701dfa-9023-3c38-a5e1-c4df5064cf56, P0, 88, 2130, 8001, 94.32, [N/A], 95
2026/09/13 18:54:38.842, 0, GPU-87701dfa-9023-3c38-a5e1-c4df5064cf56, P0, 88, 2130, 8001, 94.32, [N/A], 95
2026/09/13 18:54:39.046, 0, GPU-87701dfa-9023-3c38-a5e1-c4df5064cf56, P0, 94, 2460, 8001, 118.21, [N/A], 98
2026/09/13 18:54:39.252, 0, GPU-87701dfa-9023-3c38-a5e1-c4df5064cf56, P0, 94, 2460, 8001, 118.21, [N/A], 98
2026/09/13 18:54:39.459, 0, GPU-87701dfa-9023-3c38-a5e1-c4df5064cf56, P0, 94, 2460, 8001, 118.21, [N/A], 98
2026/09/13 18:54:39.666, 0, GPU-87701dfa-9023-3c38-a5e1-c4df5064cf56, P0, 89, 2220, 8001, 108.25, [N/A], 95
2026/09/13 18:54:39.871, 0, GPU-87701dfa-9023-3c38-a5e1-c4df5064cf56, P0, 89, 2220, 8001, 108.25, [N/A], 95
2026/09/13 18:54:40.079, 0, GPU-87701dfa-9023-3c38-a5e1-c4df5064cf56, P0, 85, 1830, 8001, 80.95, [N/A], 100
2026/09/13 18:54:40.284, 0, GPU-87701dfa-9023-3c38-a5e1-c4df5064cf56, P0, 85, 1830, 8001, 80.95, [N/A], 100
2026/09/13 18:54:40.489, 0, GPU-87701dfa-9023-3c38-a5e1-c4df5064cf56, P0, 86, 2070, 8001, 92.53, [N/A], 95
2026/09/13 18:54:40.695, 0, GPU-87701dfa-9023-3c38-a5e1-c4df5064cf56, P0, 86, 2070, 8001, 92.53, [N/A], 95
2026/09/13 18:54:40.899, 0, GPU-87701dfa-9023-3c38-a5e1-c4df5064cf56, P0, 86, 2070, 8001, 92.53, [N/A], 95
2026/09/13 18:54:41.136, 0, GPU-87701dfa-9023-3c38-a5e1-c4df5064cf56, P0, 86, 2100, 8001, 93.12, [N/A], 100
2026/09/13 18:54:41.343, 0, GPU-87701dfa-9023-3c38-a5e1-c4df5064cf56, P0, 86, 2100, 8001, 93.12, [N/A], 100
2026/09/13 18:54:41.547, 0, GPU-87701dfa-9023-3c38-a5e1-c4df5064cf56, P0, 88, 2085, 8001, 101.00, [N/A], 96
2026/09/13 18:54:41.754, 0, GPU-87701dfa-9023-3c38-a5e1-c4df5064cf56, P0, 88, 2085, 8001, 101.00, [N/A], 96
2026/09/13 18:54:41.957, 0, GPU-87701dfa-9023-3c38-a5e1-c4df5064cf56, P0, 88, 2085, 8001, 101.00, [N/A], 96
2026/09/13 18:54:42.163, 0, GPU-87701dfa-9023-3c38-a5e1-c4df5064cf56, P0, 86, 1980, 8001, 91.69, [N/A], 98
2026/09/13 18:54:42.370, 0, GPU-87701dfa-9023-3c38-a5e1-c4df5064cf56, P0, 86, 1980, 8001, 91.69, [N/A], 98
2026/09/13 18:54:42.575, 0, GPU-87701dfa-9023-3c38-a5e1-c4df5064cf56, P0, 89, 1980, 8001, 85.31, [N/A], 96
2026/09/13 18:54:42.781, 0, GPU-87701dfa-9023-3c38-a5e1-c4df5064cf56, P0, 89, 1980, 8001, 85.31, [N/A], 96
2026/09/13 18:54:42.986, 0, GPU-87701dfa-9023-3c38-a5e1-c4df5064cf56, P0, 86, 1920, 8001, 92.67, [N/A], 94
2026/09/13 18:54:43.192, 0, GPU-87701dfa-9023-3c38-a5e1-c4df5064cf56, P0, 86, 1920, 8001, 92.67, [N/A], 94
2026/09/13 18:54:43.399, 0, GPU-87701dfa-9023-3c38-a5e1-c4df5064cf56, P0, 86, 1920, 8001, 92.67, [N/A], 94
2026/09/13 18:54:43.606, 0, GPU-87701dfa-9023-3c38-a5e1-c4df5064cf56, P0, 87, 2130, 8001, 90.99, [N/A], 100
2026/09/13 18:54:43.811, 0, GPU-87701dfa-9023-3c38-a5e1-c4df5064cf56, P0, 87, 2130, 8001, 90.99, [N/A], 100
2026/09/13 18:54:44.017, 0, GPU-87701dfa-9023-3c38-a5e1-c4df5064cf56, P0, 85, 1935, 8001, 94.89, [N/A], 95
2026/09/13 18:54:44.223, 0, GPU-87701dfa-9023-3c38-a5e1-c4df5064cf56, P0, 85, 1935, 8001, 94.89, [N/A], 95
2026/09/13 18:54:44.427, 0, GPU-87701dfa-9023-3c38-a5e1-c4df5064cf56, P0, 85, 1935, 8001, 94.89, [N/A], 95
2026/09/13 18:54:44.632, 0, GPU-87701dfa-9023-3c38-a5e1-c4df5064cf56, P0, 86, 2190, 8001, 88.69, [N/A], 100
2026/09/13 18:54:44.836, 0, GPU-87701dfa-9023-3c38-a5e1-c4df5064cf56, P0, 86, 2190, 8001, 88.69, [N/A], 100
2026/09/13 18:54:45.041, 0, GPU-87701dfa-9023-3c38-a5e1-c4df5064cf56, P0, 88, 1995, 8001, 87.52, [N/A], 95
2026/09/13 18:54:45.246, 0, GPU-87701dfa-9023-3c38-a5e1-c4df5064cf56, P0, 88, 1995, 8001, 87.52, [N/A], 95
2026/09/13 18:54:45.451, 0, GPU-87701dfa-9023-3c38-a5e1-c4df5064cf56, P0, 88, 1995, 8001, 87.52, [N/A], 95
2026/09/13 18:54:45.656, 0, GPU-87701dfa-9023-3c38-a5e1-c4df5064cf56, P0, 83, 1635, 8001, 80.66, [N/A], 96
2026/09/13 18:54:45.877, 0, GPU-87701dfa-9023-3c38-a5e1-c4df5064cf56, P0, 83, 1635, 8001, 80.66, [N/A], 96
2026/09/13 18:54:46.098, 0, GPU-87701dfa-9023-3c38-a5e1-c4df5064cf56, P0, 88, 1890, 8001, 67.08, [N/A], 98
2026/09/13 18:54:46.303, 0, GPU-87701dfa-9023-3c38-a5e1-c4df5064cf56, P0, 88, 1890, 8001, 67.08, [N/A], 98
2026/09/13 18:54:46.507, 0, GPU-87701dfa-9023-3c38-a5e1-c4df5064cf56, P0, 87, 2115, 8001, 93.80, [N/A], 95
2026/09/13 18:54:46.711, 0, GPU-87701dfa-9023-3c38-a5e1-c4df5064cf56, P0, 87, 2115, 8001, 93.80, [N/A], 95
2026/09/13 18:54:46.916, 0, GPU-87701dfa-9023-3c38-a5e1-c4df5064cf56, P0, 87, 2115, 8001, 93.80, [N/A], 95
2026/09/13 18:54:47.122, 0, GPU-87701dfa-9023-3c38-a5e1-c4df5064cf56, P0, 87, 1995, 8001, 93.70, [N/A], 100
2026/09/13 18:54:47.329, 0, GPU-87701dfa-9023-3c38-a5e1-c4df5064cf56, P0, 87, 1995, 8001, 93.70, [N/A], 100
2026/09/13 18:54:47.533, 0, GPU-87701dfa-9023-3c38-a5e1-c4df5064cf56, P0, 85, 1980, 8001, 86.54, [N/A], 95
2026/09/13 18:54:47.740, 0, GPU-87701dfa-9023-3c38-a5e1-c4df5064cf56, P0, 85, 1980, 8001, 86.54, [N/A], 95
2026/09/13 18:54:47.947, 0, GPU-87701dfa-9023-3c38-a5e1-c4df5064cf56, P0, 85, 1980, 8001, 86.54, [N/A], 95
2026/09/13 18:54:48.154, 0, GPU-87701dfa-9023-3c38-a5e1-c4df5064cf56, P0, 86, 2220, 8001, 96.12, [N/A], 100
2026/09/13 18:54:48.361, 0, GPU-87701dfa-9023-3c38-a5e1-c4df5064cf56, P0, 86, 2220, 8001, 96.12, [N/A], 100
2026/09/13 18:54:48.566, 0, GPU-87701dfa-9023-3c38-a5e1-c4df5064cf56, P0, 88, 2100, 8001, 91.80, [N/A], 96
2026/09/13 18:54:48.770, 0, GPU-87701dfa-9023-3c38-a5e1-c4df5064cf56, P0, 88, 2100, 8001, 91.80, [N/A], 96
2026/09/13 18:54:48.975, 0, GPU-87701dfa-9023-3c38-a5e1-c4df5064cf56, P0, 85, 1860, 8001, 76.92, [N/A], 96
2026/09/13 18:54:49.181, 0, GPU-87701dfa-9023-3c38-a5e1-c4df5064cf56, P0, 85, 1860, 8001, 76.92, [N/A], 96
2026/09/13 18:54:49.387, 0, GPU-87701dfa-9023-3c38-a5e1-c4df5064cf56, P0, 85, 1860, 8001, 76.92, [N/A], 96
2026/09/13 18:54:49.592, 0, GPU-87701dfa-9023-3c38-a5e1-c4df5064cf56, P0, 87, 2280, 8001, 86.06, [N/A], 99
2026/09/13 18:54:49.800, 0, GPU-87701dfa-9023-3c38-a5e1-c4df5064cf56, P0, 87, 2280, 8001, 86.06, [N/A], 99
2026/09/13 18:54:50.005, 0, GPU-87701dfa-9023-3c38-a5e1-c4df5064cf56, P0, 86, 1875, 8001, 89.81, [N/A], 95
2026/09/13 18:54:50.210, 0, GPU-87701dfa-9023-3c38-a5e1-c4df5064cf56, P0, 86, 1875, 8001, 89.81, [N/A], 95
2026/09/13 18:54:50.416, 0, GPU-87701dfa-9023-3c38-a5e1-c4df5064cf56, P0, 86, 1875, 8001, 89.81, [N/A], 95
2026/09/13 18:54:50.623, 0, GPU-87701dfa-9023-3c38-a5e1-c4df5064cf56, P0, 86, 2100, 8001, 98.39, [N/A], 100
2026/09/13 18:54:50.827, 0, GPU-87701dfa-9023-3c38-a5e1-c4df5064cf56, P0, 86, 2100, 8001, 98.39, [N/A], 100
2026/09/13 18:54:51.033, 0, GPU-87701dfa-9023-3c38-a5e1-c4df5064cf56, P0, 87, 2025, 8001, 93.62, [N/A], 95
2026/09/13 18:54:51.239, 0, GPU-87701dfa-9023-3c38-a5e1-c4df5064cf56, P0, 87, 2025, 8001, 93.62, [N/A], 95
2026/09/13 18:54:51.445, 0, GPU-87701dfa-9023-3c38-a5e1-c4df5064cf56, P0, 87, 2025, 8001, 93.62, [N/A], 95
2026/09/13 18:54:51.651, 0, GPU-87701dfa-9023-3c38-a5e1-c4df5064cf56, P0, 85, 2085, 8001, 82.09, [N/A], 100
2026/09/13 18:54:51.858, 0, GPU-87701dfa-9023-3c38-a5e1-c4df5064cf56, P0, 85, 2085, 8001, 82.09, [N/A], 100
2026/09/13 18:54:52.076, 0, GPU-87701dfa-9023-3c38-a5e1-c4df5064cf56, P0, 89, 2370, 8001, 75.62, [N/A], 95
2026/09/13 18:54:52.283, 0, GPU-87701dfa-9023-3c38-a5e1-c4df5064cf56, P0, 89, 2370, 8001, 75.62, [N/A], 95
2026/09/13 18:54:52.489, 0, GPU-87701dfa-9023-3c38-a5e1-c4df5064cf56, P0, 86, 2010, 8001, 93.04, [N/A], 95
2026/09/13 18:54:52.697, 0, GPU-87701dfa-9023-3c38-a5e1-c4df5064cf56, P0, 86, 2010, 8001, 93.04, [N/A], 95
2026/09/13 18:54:52.903, 0, GPU-87701dfa-9023-3c38-a5e1-c4df5064cf56, P0, 86, 2010, 8001, 93.04, [N/A], 95
2026/09/13 18:54:53.108, 0, GPU-87701dfa-9023-3c38-a5e1-c4df5064cf56, P0, 87, 1950, 8001, 87.35, [N/A], 99
2026/09/13 18:54:53.317, 0, GPU-87701dfa-9023-3c38-a5e1-c4df5064cf56, P0, 87, 1950, 8001, 87.35, [N/A], 99
2026/09/13 18:54:53.521, 0, GPU-87701dfa-9023-3c38-a5e1-c4df5064cf56, P0, 86, 1995, 8001, 95.60, [N/A], 96
2026/09/13 18:54:53.742, 0, GPU-87701dfa-9023-3c38-a5e1-c4df5064cf56, P0, 86, 1995, 8001, 95.60, [N/A], 96
2026/09/13 18:54:53.948, 0, GPU-87701dfa-9023-3c38-a5e1-c4df5064cf56, P0, 86, 1995, 8001, 95.60, [N/A], 96
2026/09/13 18:54:54.154, 0, GPU-87701dfa-9023-3c38-a5e1-c4df5064cf56, P0, 87, 2025, 8001, 90.77, [N/A], 100
2026/09/13 18:54:54.362, 0, GPU-87701dfa-9023-3c38-a5e1-c4df5064cf56, P0, 87, 2025, 8001, 90.77, [N/A], 100
2026/09/13 18:54:54.567, 0, GPU-87701dfa-9023-3c38-a5e1-c4df5064cf56, P0, 86, 2070, 8001, 94.01, [N/A], 96
2026/09/13 18:54:54.774, 0, GPU-87701dfa-9023-3c38-a5e1-c4df5064cf56, P0, 86, 2070, 8001, 94.01, [N/A], 96
2026/09/13 18:54:54.978, 0, GPU-87701dfa-9023-3c38-a5e1-c4df5064cf56, P0, 86, 1905, 8001, 94.32, [N/A], 100
2026/09/13 18:54:55.181, 0, GPU-87701dfa-9023-3c38-a5e1-c4df5064cf56, P0, 86, 1905, 8001, 94.32, [N/A], 100
2026/09/13 18:54:55.387, 0, GPU-87701dfa-9023-3c38-a5e1-c4df5064cf56, P0, 86, 1905, 8001, 94.32, [N/A], 100
2026/09/13 18:54:55.592, 0, GPU-87701dfa-9023-3c38-a5e1-c4df5064cf56, P0, 87, 2055, 8001, 94.88, [N/A], 95
2026/09/13 18:54:55.795, 0, GPU-87701dfa-9023-3c38-a5e1-c4df5064cf56, P0, 87, 2055, 8001, 94.88, [N/A], 95
2026/09/13 18:54:55.999, 0, GPU-87701dfa-9023-3c38-a5e1-c4df5064cf56, P0, 86, 2115, 8001, 81.31, [N/A], 96
2026/09/13 18:54:56.204, 0, GPU-87701dfa-9023-3c38-a5e1-c4df5064cf56, P0, 86, 2115, 8001, 81.31, [N/A], 96
2026/09/13 18:54:56.409, 0, GPU-87701dfa-9023-3c38-a5e1-c4df5064cf56, P0, 86, 2115, 8001, 81.31, [N/A], 96
2026/09/13 18:54:56.614, 0, GPU-87701dfa-9023-3c38-a5e1-c4df5064cf56, P0, 88, 1965, 8001, 85.53, [N/A], 95
2026/09/13 18:54:56.821, 0, GPU-87701dfa-9023-3c38-a5e1-c4df5064cf56, P0, 88, 1965, 8001, 85.53, [N/A], 95
2026/09/13 18:54:57.027, 0, GPU-87701dfa-9023-3c38-a5e1-c4df5064cf56, P0, 89, 2100, 8001, 109.05, [N/A], 95
2026/09/13 18:54:57.231, 0, GPU-87701dfa-9023-3c38-a5e1-c4df5064cf56, P0, 89, 2100, 8001, 109.05, [N/A], 95
2026/09/13 18:54:57.437, 0, GPU-87701dfa-9023-3c38-a5e1-c4df5064cf56, P0, 89, 2100, 8001, 109.05, [N/A], 95
2026/09/13 18:54:57.643, 0, GPU-87701dfa-9023-3c38-a5e1-c4df5064cf56, P0, 83, 2235, 8001, 81.32, [N/A], 100
2026/09/13 18:54:57.850, 0, GPU-87701dfa-9023-3c38-a5e1-c4df5064cf56, P0, 83, 2235, 8001, 81.32, [N/A], 100
2026/09/13 18:54:58.056, 0, GPU-87701dfa-9023-3c38-a5e1-c4df5064cf56, P0, 84, 2430, 8001, 73.28, [N/A], 83
2026/09/13 18:54:58.263, 0, GPU-87701dfa-9023-3c38-a5e1-c4df5064cf56, P0, 84, 2430, 8001, 73.28, [N/A], 83
2026/09/13 18:54:58.468, 0, GPU-87701dfa-9023-3c38-a5e1-c4df5064cf56, P0, 86, 2490, 8001, 74.04, [N/A], 62
2026/09/13 18:54:58.673, 0, GPU-87701dfa-9023-3c38-a5e1-c4df5064cf56, P0, 86, 2490, 8001, 74.04, [N/A], 62
2026/09/13 18:54:58.875, 0, GPU-87701dfa-9023-3c38-a5e1-c4df5064cf56, P0, 86, 2490, 8001, 74.04, [N/A], 62
2026/09/13 18:54:59.082, 0, GPU-87701dfa-9023-3c38-a5e1-c4df5064cf56, P0, 76, 2490, 8001, 29.37, [N/A], 27
2026/09/13 18:54:59.300, 0, GPU-87701dfa-9023-3c38-a5e1-c4df5064cf56, P0, 76, 2490, 8001, 29.37, [N/A], 27
