variant,context,seed,policy,parameters,peak_allocated_mib,peak_reserved_mib,median_update_ms,nll,clip_fraction
gelu_narrow,128,17,block,9099648,279.56298828125,330.0,82.06460000019433,6.948350131511688,0.5833333333333334
gelu_narrow,128,17,loss_chunks,9099648,220.82958984375,266.0,88.37504999974044,6.948288917541504,0.5833333333333334
gelu_narrow,128,17,native,9099648,493.82080078125,566.0,50.436200000149256,6.948350131511688,0.5833333333333334
gelu_narrow,128,29,block,9099648,279.56298828125,330.0,83.00190000136354,6.952732503414154,0.6666666666666666
gelu_narrow,128,29,loss_chunks,9099648,220.82958984375,266.0,89.18665000055626,6.9526901841163635,0.6666666666666666
gelu_narrow,128,29,native,9099648,493.82080078125,566.0,51.57124999914231,6.952732503414154,0.6666666666666666
gelu_narrow,128,43,block,9099648,279.56298828125,330.0,82.78975000030186,6.952328324317932,0.6666666666666666
gelu_narrow,128,43,loss_chunks,9099648,220.82958984375,266.0,89.42294999997102,6.952246725559235,0.6666666666666666
gelu_narrow,128,43,native,9099648,493.82080078125,566.0,51.5671499997552,6.952328324317932,0.6666666666666666
gelu_narrow,512,17,block,9099648,406.64892578125,516.0,82.09554999939428,6.927008748054504,0.6666666666666666
gelu_narrow,512,17,loss_chunks,9099648,275.5986328125,344.0,92.93189999971219,6.939770400524139,0.6666666666666666
gelu_narrow,512,17,native,9099648,817.56298828125,936.0,50.30615000123362,6.926682949066162,0.6666666666666666
gelu_narrow,512,29,block,9099648,406.64892578125,516.0,83.69645000038872,6.926952302455902,0.6666666666666666
gelu_narrow,512,29,loss_chunks,9099648,275.5986328125,344.0,102.53560000001016,6.927059769630432,0.6666666666666666
gelu_narrow,512,29,native,9099648,817.56298828125,936.0,53.47475000053237,6.926956593990326,0.6666666666666666
gelu_narrow,512,43,block,9099648,406.64892578125,516.0,84.55320000030042,6.921499967575073,0.6666666666666666
gelu_narrow,512,43,loss_chunks,9099648,275.5986328125,344.0,96.28729999985808,6.9215200543403625,0.6666666666666666
gelu_narrow,512,43,native,9099648,817.56298828125,936.0,55.54209999900195,6.921497225761414,0.6666666666666666
swiglu,128,17,block,15735168,355.97509765625,506.0,54.26699999952689,6.9681079387664795,0.6666666666666666
swiglu,128,17,loss_chunks,15735168,351.31689453125,414.0,104.91799999999785,6.972231864929199,0.6666666666666666
swiglu,128,17,native,15735168,702.48291015625,742.0,57.71625000033964,6.9681079387664795,0.6666666666666666
swiglu,128,29,block,15735168,355.97509765625,506.0,91.53514999979961,6.957303702831268,0.6666666666666666
swiglu,128,29,loss_chunks,15735168,351.31689453125,414.0,97.77949999988778,6.953418135643005,0.75
swiglu,128,29,native,15735168,702.48291015625,742.0,57.2970000002897,6.957303702831268,0.6666666666666666
swiglu,128,43,block,15735168,355.97509765625,506.0,91.78679999968153,6.967312455177307,0.6666666666666666
swiglu,128,43,loss_chunks,15735168,351.31689453125,414.0,98.45874999973603,6.9667553305625916,0.75
swiglu,128,43,native,15735168,702.48291015625,742.0,57.37055000008695,6.967312455177307,0.6666666666666666
swiglu,512,17,block,15735168,483.37353515625,606.0,91.91095000005589,6.927052795886993,0.6666666666666666
swiglu,512,17,loss_chunks,15735168,392.880859375,474.0,102.69319999952131,6.924974501132965,0.6666666666666666
swiglu,512,17,native,15735168,1137.75634765625,1226.0,55.351699998936965,6.927052795886993,0.6666666666666666
swiglu,512,29,block,15735168,483.37353515625,606.0,93.62834999956249,6.909060120582581,0.6666666666666666
swiglu,512,29,loss_chunks,15735168,392.880859375,474.0,106.85765000016545,6.911015272140503,0.6666666666666666
swiglu,512,29,native,15735168,1137.75634765625,1226.0,56.454049999956624,6.909060120582581,0.6666666666666666
swiglu,512,43,block,15735168,483.37353515625,606.0,60.48880000071222,6.916287183761597,0.6666666666666666
swiglu,512,43,loss_chunks,15735168,392.880859375,474.0,103.78024999954505,6.9166505336761475,0.6666666666666666
swiglu,512,43,native,15735168,1137.75634765625,1226.0,55.20574999991368,6.916287183761597,0.6666666666666666
